End effector position: [-0.175747, 0.158046, 0.0071824]
[INFO] [1773056747.718752079] [traj_ctrl]: Waiting for first joint state...
[INFO] [1773056747.818778351] [traj_ctrl]: Waiting for first joint state...
[INFO] [1773056747.919560324] [traj_ctrl]: Waiting for first joint state...
Received joint positions: Joint 0: -3.14159 Joint 1: 1.309 Joint 2: -1.91986 Joint 3: -2.0944 Joint 4: -3.14159 Joint 5: -3.14159 
Received joint velocities: Joint 0: 0 Joint 1: 0 Joint 2: 0 Joint 3: 0 Joint 4: 0 Joint 5: 0 
[INFO] [1773056747.999092550] [traj_ctrl]: First joint state received, starting trajectory execution.
Received joint positions: Joint 0: -3.14159 Joint 1: 1.309 Joint 2: -1.91986 Joint 3: -2.0944 Joint 4: -3.14159 Joint 5: -3.14159 
Received joint velocities: Joint 0: 0 Joint 1: 0 Joint 2: 0 Joint 3: 0 Joint 4: 0 Joint 5: 0 
Received joint positions: Joint 0: -3.14159 Joint 1: 1.309 Joint 2: -1.91986 Joint 3: -2.0944 Joint 4: -3.14159 Joint 5: -3.14159 
Received joint velocities: Joint 0: 0 Joint 1: 0 Joint 2: 0 Joint 3: 0 Joint 4: 0 Joint 5: 0 
Received joint positions: Joint 0: -2.98243e-05 Joint 1: 1.83261 Joint 2: -1.22175 Joint 3: -1.04722 Joint 4: -2.98243e-05 Joint 5: -3.14159 
Received joint velocities: Joint 0: 0 Joint 1: 0 Joint 2: 0 Joint 3: 0 Joint 4: 0 Joint 5: 0 
Received joint positions: Joint 0: -2.98243e-05 Joint 1: 1.83261 Joint 2: -1.22175 Joint 3: -1.04722 Joint 4: -2.98243e-05 Joint 5: -3.14159 
Received joint velocities: Joint 0: 0 Joint 1: 0 Joint 2: 0 Joint 3: 0 Joint 4: 0 Joint 5: 0 
Received joint positions: Joint 0: -2.98243e-05 Joint 1: 1.83261 Joint 2: -1.22175 Joint 3: -1.04722 Joint 4: -2.98243e-05 Joint 5: -3.14159 
Received joint velocities: Joint 0: 0 Joint 1: 0 Joint 2: 0 Joint 3: 0 Joint 4: 0 Joint 5: 0 
Received joint positions: Joint 0: -2.98243e-05 Joint 1: 1.83261 Joint 2: -1.22175 Joint 3: -1.04722 Joint 4: -2.98243e-05 Joint 5: -3.14159 
Received joint velocities: Joint 0: 0 Joint 1: 0 Joint 2: 0 Joint 3: 0 Joint 4: 0 Joint 5: 0 
Received joint positions: Joint 0: -2.98243e-05 Joint 1: 1.83261 Joint 2: -1.22175 Joint 3: -1.04722 Joint 4: -2.98243e-05 Joint 5: -3.14159 
Received joint velocities: Joint 0: 0 Joint 1: 0 Joint 2: 0 Joint 3: 0 Joint 4: 0 Joint 5: 0 
Received joint positions: Joint 0: -2.98243e-05 Joint 1: 1.83261 Joint 2: -1.22175 Joint 3: -1.04722 Joint 4: -2.98243e-05 Joint 5: -3.14159 
Received joint velocities: Joint 0: 0 Joint 1: 0 Joint 2: 0 Joint 3: 0 Joint 4: 0 Joint 5: 0 
Received joint positions: Joint 0: -2.98243e-05 Joint 1: 1.83261 Joint 2: -1.22175 Joint 3: -1.04722 Joint 4: -2.98243e-05 Joint 5: -3.14159 
Received joint velocities: Joint 0: 0 Joint 1: 0 Joint 2: 0 Joint 3: 0 Joint 4: 0 Joint 5: 0 
Received joint positions: Joint 0: -2.98243e-05 Joint 1: 1.83261 Joint 2: -1.22175 Joint 3: -1.04722 Joint 4: -2.98243e-05 Joint 5: -3.14159 
Received joint velocities: Joint 0: 0 Joint 1: 0 Joint 2: 0 Joint 3: 0 Joint 4: 0 Joint 5: 0 
Received joint positions: Joint 0: -2.98243e-05 Joint 1: 1.83261 Joint 2: -1.22175 Joint 3: -1.04722 Joint 4: -2.98243e-05 Joint 5: -3.14159 
Received joint velocities: Joint 0: 0 Joint 1: 0 Joint 2: 0 Joint 3: 0 Joint 4: 0 Joint 5: 0 
Received joint positions: Joint 0: -2.98243e-05 Joint 1: 1.83261 Joint 2: -1.22175 Joint 3: -1.04722 Joint 4: -2.98243e-05 Joint 5: -3.14159 
Received joint velocities: Joint 0: 0 Joint 1: 0 Joint 2: 0 Joint 3: 0 Joint 4: 0 Joint 5: 0 
Received joint positions: Joint 0: -0.00110858 Joint 1: 1.83306 Joint 2: -1.22241 Joint 3: -1.04794 Joint 4: -0.00110858 Joint 5: -3.14159 
Received joint velocities: Joint 0: 0 Joint 1: 0 Joint 2: 0 Joint 3: 0 Joint 4: 0 Joint 5: 0 
Received joint positions: Joint 0: -0.00110858 Joint 1: 1.83306 Joint 2: -1.22241 Joint 3: -1.04794 Joint 4: -0.00110858 Joint 5: -3.14159 
Received joint velocities: Joint 0: 0 Joint 1: 0 Joint 2: 0 Joint 3: 0 Joint 4: 0 Joint 5: 0 
Received joint positions: Joint 0: -0.00110858 Joint 1: 1.83306 Joint 2: -1.22241 Joint 3: -1.04794 Joint 4: -0.00110858 Joint 5: -3.14159 
Received joint velocities: Joint 0: 0 Joint 1: 0 Joint 2: 0 Joint 3: 0 Joint 4: 0 Joint 5: 0 
Received joint positions: Joint 0: -0.00110858 Joint 1: 1.83306 Joint 2: -1.22241 Joint 3: -1.04794 Joint 4: -0.00110858 Joint 5: -3.14159 
Received joint velocities: Joint 0: 0 Joint 1: 0 Joint 2: 0 Joint 3: 0 Joint 4: 0 Joint 5: 0 
Received joint positions: Joint 0: -0.00110858 Joint 1: 1.83306 Joint 2: -1.22241 Joint 3: -1.04794 Joint 4: -0.00110858 Joint 5: -3.14159 
Received joint velocities: Joint 0: 0 Joint 1: 0 Joint 2: 0 Joint 3: 0 Joint 4: 0 Joint 5: 0 
Received joint positions: Joint 0: -0.00110858 Joint 1: 1.83306 Joint 2: -1.22241 Joint 3: -1.04794 Joint 4: -0.00110858 Joint 5: -3.14159 
Received joint velocities: Joint 0: 0 Joint 1: 0 Joint 2: 0 Joint 3: 0 Joint 4: 0 Joint 5: 0 
Received joint positions: Joint 0: -0.00110858 Joint 1: 1.83306 Joint 2: -1.22241 Joint 3: -1.04794 Joint 4: -0.00110858 Joint 5: -3.14159 
Received joint velocities: Joint 0: 0 Joint 1: 0 Joint 2: 0 Joint 3: 0 Joint 4: 0 Joint 5: 0 
Received joint positions: Joint 0: -0.00110858 Joint 1: 1.83306 Joint 2: -1.22241 Joint 3: -1.04794 Joint 4: -0.00110858 Joint 5: -3.14159 
Received joint velocities: Joint 0: 0 Joint 1: 0 Joint 2: 0 Joint 3: 0 Joint 4: 0 Joint 5: 0 
Received joint positions: Joint 0: -0.00110858 Joint 1: 1.83306 Joint 2: -1.22241 Joint 3: -1.04794 Joint 4: -0.00110858 Joint 5: -3.14159 
Received joint velocities: Joint 0: 0 Joint 1: 0 Joint 2: 0 Joint 3: 0 Joint 4: 0 Joint 5: 0 
Received joint positions: Joint 0: -0.00110858 Joint 1: 1.83306 Joint 2: -1.22241 Joint 3: -1.04794 Joint 4: -0.00110858 Joint 5: -3.14159 
Received joint velocities: Joint 0: 0 Joint 1: 0 Joint 2: 0 Joint 3: 0 Joint 4: 0 Joint 5: 0 
Received joint positions: Joint 0: -0.00373702 Joint 1: 1.83415 Joint 2: -1.22401 Joint 3: -1.04969 Joint 4: -0.00373702 Joint 5: -3.14159 
Received joint velocities: Joint 0: 0 Joint 1: 0 Joint 2: 0 Joint 3: 0 Joint 4: 0 Joint 5: 0 
Received joint positions: Joint 0: -0.00373702 Joint 1: 1.83415 Joint 2: -1.22401 Joint 3: -1.04969 Joint 4: -0.00373702 Joint 5: -3.14159 
Received joint velocities: Joint 0: 0 Joint 1: 0 Joint 2: 0 Joint 3: 0 Joint 4: 0 Joint 5: 0 
Received joint positions: Joint 0: -0.00373702 Joint 1: 1.83415 Joint 2: -1.22401 Joint 3: -1.04969 Joint 4: -0.00373702 Joint 5: -3.14159 
Received joint velocities: Joint 0: 0 Joint 1: 0 Joint 2: 0 Joint 3: 0 Joint 4: 0 Joint 5: 0 
Received joint positions: Joint 0: -0.00373702 Joint 1: 1.83415 Joint 2: -1.22401 Joint 3: -1.04969 Joint 4: -0.00373702 Joint 5: -3.14159 
Received joint velocities: Joint 0: 0 Joint 1: 0 Joint 2: 0 Joint 3: 0 Joint 4: 0 Joint 5: 0 
Received joint positions: Joint 0: -0.00373702 Joint 1: 1.83415 Joint 2: -1.22401 Joint 3: -1.04969 Joint 4: -0.00373702 Joint 5: -3.14159 
Received joint velocities: Joint 0: 0 Joint 1: 0 Joint 2: 0 Joint 3: 0 Joint 4: 0 Joint 5: 0 
Received joint positions: Joint 0: -0.00373702 Joint 1: 1.83415 Joint 2: -1.22401 Joint 3: -1.04969 Joint 4: -0.00373702 Joint 5: -3.14159 
Received joint velocities: Joint 0: 0 Joint 1: 0 Joint 2: 0 Joint 3: 0 Joint 4: 0 Joint 5: 0 
Received joint positions: Joint 0: -0.00373702 Joint 1: 1.83415 Joint 2: -1.22401 Joint 3: -1.04969 Joint 4: -0.00373702 Joint 5: -3.14159 
Received joint velocities: Joint 0: 0 Joint 1: 0 Joint 2: 0 Joint 3: 0 Joint 4: 0 Joint 5: 0 
Received joint positions: Joint 0: -0.00373702 Joint 1: 1.83415 Joint 2: -1.22401 Joint 3: -1.04969 Joint 4: -0.00373702 Joint 5: -3.14159 
Received joint velocities: Joint 0: 0 Joint 1: 0 Joint 2: 0 Joint 3: 0 Joint 4: 0 Joint 5: 0 
Received joint positions: Joint 0: -0.00373702 Joint 1: 1.83415 Joint 2: -1.22401 Joint 3: -1.04969 Joint 4: -0.00373702 Joint 5: -3.14159 
Received joint velocities: Joint 0: 0 Joint 1: 0 Joint 2: 0 Joint 3: 0 Joint 4: 0 Joint 5: 0 
Received joint positions: Joint 0: -0.00373702 Joint 1: 1.83415 Joint 2: -1.22401 Joint 3: -1.04969 Joint 4: -0.00373702 Joint 5: -3.14159 
Received joint velocities: Joint 0: 0 Joint 1: 0 Joint 2: 0 Joint 3: 0 Joint 4: 0 Joint 5: 0 
Received joint positions: Joint 0: -0.0079232 Joint 1: 1.8359 Joint 2: -1.22657 Joint 3: -1.05248 Joint 4: -0.0079232 Joint 5: -3.14159 
Received joint velocities: Joint 0: 0 Joint 1: 0 Joint 2: 0 Joint 3: 0 Joint 4: 0 Joint 5: 0 
Received joint positions: Joint 0: -0.0079232 Joint 1: 1.8359 Joint 2: -1.22657 Joint 3: -1.05248 Joint 4: -0.0079232 Joint 5: -3.14159 
Received joint velocities: Joint 0: 0 Joint 1: 0 Joint 2: 0 Joint 3: 0 Joint 4: 0 Joint 5: 0 
Received joint positions: Joint 0: -0.0079232 Joint 1: 1.8359 Joint 2: -1.22657 Joint 3: -1.05248 Joint 4: -0.0079232 Joint 5: -3.14159 
Received joint velocities: Joint 0: 0 Joint 1: 0 Joint 2: 0 Joint 3: 0 Joint 4: 0 Joint 5: 0 
Received joint positions: Joint 0: -0.0079232 Joint 1: 1.8359 Joint 2: -1.22657 Joint 3: -1.05248 Joint 4: -0.0079232 Joint 5: -3.14159 
Received joint velocities: Joint 0: 0 Joint 1: 0 Joint 2: 0 Joint 3: 0 Joint 4: 0 Joint 5: 0 
Received joint positions: Joint 0: -0.0079232 Joint 1: 1.8359 Joint 2: -1.22657 Joint 3: -1.05248 Joint 4: -0.0079232 Joint 5: -3.14159 
Received joint velocities: Joint 0: 0 Joint 1: 0 Joint 2: 0 Joint 3: 0 Joint 4: 0 Joint 5: 0 
Received joint positions: Joint 0: -0.0079232 Joint 1: 1.8359 Joint 2: -1.22657 Joint 3: -1.05248 Joint 4: -0.0079232 Joint 5: -3.14159 
Received joint velocities: Joint 0: 0 Joint 1: 0 Joint 2: 0 Joint 3: 0 Joint 4: 0 Joint 5: 0 
Received joint positions: Joint 0: -0.0079232 Joint 1: 1.8359 Joint 2: -1.22657 Joint 3: -1.05248 Joint 4: -0.0079232 Joint 5: -3.14159 
Received joint velocities: Joint 0: 0 Joint 1: 0 Joint 2: 0 Joint 3: 0 Joint 4: 0 Joint 5: 0 
Received joint positions: Joint 0: -0.0079232 Joint 1: 1.8359 Joint 2: -1.22657 Joint 3: -1.05248 Joint 4: -0.0079232 Joint 5: -3.14159 
Received joint velocities: Joint 0: 0 Joint 1: 0 Joint 2: 0 Joint 3: 0 Joint 4: 0 Joint 5: 0 
Received joint positions: Joint 0: -0.0079232 Joint 1: 1.8359 Joint 2: -1.22657 Joint 3: -1.05248 Joint 4: -0.0079232 Joint 5: -3.14159 
Received joint velocities: Joint 0: 0 Joint 1: 0 Joint 2: 0 Joint 3: 0 Joint 4: 0 Joint 5: 0 
Received joint positions: Joint 0: -0.0079232 Joint 1: 1.8359 Joint 2: -1.22657 Joint 3: -1.05248 Joint 4: -0.0079232 Joint 5: -3.14159 
Received joint velocities: Joint 0: 0 Joint 1: 0 Joint 2: 0 Joint 3: 0 Joint 4: 0 Joint 5: 0 
Received joint positions: Joint 0: -0.0136309 Joint 1: 1.83828 Joint 2: -1.23006 Joint 3: -1.05628 Joint 4: -0.0136309 Joint 5: -3.14159 
Received joint velocities: Joint 0: 0 Joint 1: 0 Joint 2: 0 Joint 3: 0 Joint 4: 0 Joint 5: 0 
Received joint positions: Joint 0: -0.0136309 Joint 1: 1.83828 Joint 2: -1.23006 Joint 3: -1.05628 Joint 4: -0.0136309 Joint 5: -3.14159 
Received joint velocities: Joint 0: 0 Joint 1: 0 Joint 2: 0 Joint 3: 0 Joint 4: 0 Joint 5: 0 
Received joint positions: Joint 0: -0.0136309 Joint 1: 1.83828 Joint 2: -1.23006 Joint 3: -1.05628 Joint 4: -0.0136309 Joint 5: -3.14159 
Received joint velocities: Joint 0: 0 Joint 1: 0 Joint 2: 0 Joint 3: 0 Joint 4: 0 Joint 5: 0 
Received joint positions: Joint 0: -0.0136309 Joint 1: 1.83828 Joint 2: -1.23006 Joint 3: -1.05628 Joint 4: -0.0136309 Joint 5: -3.14159 
Received joint velocities: Joint 0: 0 Joint 1: 0 Joint 2: 0 Joint 3: 0 Joint 4: 0 Joint 5: 0 
Received joint positions: Joint 0: -0.0136309 Joint 1: 1.83828 Joint 2: -1.23006 Joint 3: -1.05628 Joint 4: -0.0136309 Joint 5: -3.14159 
Received joint velocities: Joint 0: 0 Joint 1: 0 Joint 2: 0 Joint 3: 0 Joint 4: 0 Joint 5: 0 
Received joint positions: Joint 0: -0.0136309 Joint 1: 1.83828 Joint 2: -1.23006 Joint 3: -1.05628 Joint 4: -0.0136309 Joint 5: -3.14159 
Received joint velocities: Joint 0: 0 Joint 1: 0 Joint 2: 0 Joint 3: 0 Joint 4: 0 Joint 5: 0 
Received joint positions: Joint 0: -0.0136309 Joint 1: 1.83828 Joint 2: -1.23006 Joint 3: -1.05628 Joint 4: -0.0136309 Joint 5: -3.14159 
Received joint velocities: Joint 0: 0 Joint 1: 0 Joint 2: 0 Joint 3: 0 Joint 4: 0 Joint 5: 0 
Received joint positions: Joint 0: -0.0136309 Joint 1: 1.83828 Joint 2: -1.23006 Joint 3: -1.05628 Joint 4: -0.0136309 Joint 5: -3.14159 
Received joint velocities: Joint 0: 0 Joint 1: 0 Joint 2: 0 Joint 3: 0 Joint 4: 0 Joint 5: 0 
Received joint positions: Joint 0: -0.0136309 Joint 1: 1.83828 Joint 2: -1.23006 Joint 3: -1.05628 Joint 4: -0.0136309 Joint 5: -3.14159 
Received joint velocities: Joint 0: 0 Joint 1: 0 Joint 2: 0 Joint 3: 0 Joint 4: 0 Joint 5: 0 
Received joint positions: Joint 0: -0.0136309 Joint 1: 1.83828 Joint 2: -1.23006 Joint 3: -1.05628 Joint 4: -0.0136309 Joint 5: -3.14159 
Received joint velocities: Joint 0: 0 Joint 1: 0 Joint 2: 0 Joint 3: 0 Joint 4: 0 Joint 5: 0 
Received joint positions: Joint 0: -0.0208857 Joint 1: 1.8413 Joint 2: -1.23449 Joint 3: -1.06112 Joint 4: -0.0208857 Joint 5: -3.14159 
Received joint velocities: Joint 0: 0 Joint 1: 0 Joint 2: 0 Joint 3: 0 Joint 4: 0 Joint 5: 0 
Received joint positions: Joint 0: -0.0208857 Joint 1: 1.8413 Joint 2: -1.23449 Joint 3: -1.06112 Joint 4: -0.0208857 Joint 5: -3.14159 
Received joint velocities: Joint 0: 0 Joint 1: 0 Joint 2: 0 Joint 3: 0 Joint 4: 0 Joint 5: 0 
Received joint positions: Joint 0: -0.0208857 Joint 1: 1.8413 Joint 2: -1.23449 Joint 3: -1.06112 Joint 4: -0.0208857 Joint 5: -3.14159 
Received joint velocities: Joint 0: 0 Joint 1: 0 Joint 2: 0 Joint 3: 0 Joint 4: 0 Joint 5: 0 
Received joint positions: Joint 0: -0.0208857 Joint 1: 1.8413 Joint 2: -1.23449 Joint 3: -1.06112 Joint 4: -0.0208857 Joint 5: -3.14159 
Received joint velocities: Joint 0: 0 Joint 1: 0 Joint 2: 0 Joint 3: 0 Joint 4: 0 Joint 5: 0 
Received joint positions: Joint 0: -0.0208857 Joint 1: 1.8413 Joint 2: -1.23449 Joint 3: -1.06112 Joint 4: -0.0208857 Joint 5: -3.14159 
Received joint velocities: Joint 0: 0 Joint 1: 0 Joint 2: 0 Joint 3: 0 Joint 4: 0 Joint 5: 0 
Received joint positions: Joint 0: -0.0208857 Joint 1: 1.8413 Joint 2: -1.23449 Joint 3: -1.06112 Joint 4: -0.0208857 Joint 5: -3.14159 
Received joint velocities: Joint 0: 0 Joint 1: 0 Joint 2: 0 Joint 3: 0 Joint 4: 0 Joint 5: 0 
Received joint positions: Joint 0: -0.0208857 Joint 1: 1.8413 Joint 2: -1.23449 Joint 3: -1.06112 Joint 4: -0.0208857 Joint 5: -3.14159 
Received joint velocities: Joint 0: 0 Joint 1: 0 Joint 2: 0 Joint 3: 0 Joint 4: 0 Joint 5: 0 
Received joint positions: Joint 0: -0.0208857 Joint 1: 1.8413 Joint 2: -1.23449 Joint 3: -1.06112 Joint 4: -0.0208857 Joint 5: -3.14159 
Received joint velocities: Joint 0: 0 Joint 1: 0 Joint 2: 0 Joint 3: 0 Joint 4: 0 Joint 5: 0 
Received joint positions: Joint 0: -0.0208857 Joint 1: 1.8413 Joint 2: -1.23449 Joint 3: -1.06112 Joint 4: -0.0208857 Joint 5: -3.14159 
Received joint velocities: Joint 0: 0 Joint 1: 0 Joint 2: 0 Joint 3: 0 Joint 4: 0 Joint 5: 0 
Received joint positions: Joint 0: -0.0208857 Joint 1: 1.8413 Joint 2: -1.23449 Joint 3: -1.06112 Joint 4: -0.0208857 Joint 5: -3.14159 
Received joint velocities: Joint 0: 0 Joint 1: 0 Joint 2: 0 Joint 3: 0 Joint 4: 0 Joint 5: 0 
Received joint positions: Joint 0: -0.0296739 Joint 1: 1.84496 Joint 2: -1.23986 Joint 3: -1.06698 Joint 4: -0.0296739 Joint 5: -3.14159 
Received joint velocities: Joint 0: 0 Joint 1: 0 Joint 2: 0 Joint 3: 0 Joint 4: 0 Joint 5: 0 
Received joint positions: Joint 0: -0.0296739 Joint 1: 1.84496 Joint 2: -1.23986 Joint 3: -1.06698 Joint 4: -0.0296739 Joint 5: -3.14159 
Received joint velocities: Joint 0: 0 Joint 1: 0 Joint 2: 0 Joint 3: 0 Joint 4: 0 Joint 5: 0 
Received joint positions: Joint 0: -0.0296739 Joint 1: 1.84496 Joint 2: -1.23986 Joint 3: -1.06698 Joint 4: -0.0296739 Joint 5: -3.14159 
Received joint velocities: Joint 0: 0 Joint 1: 0 Joint 2: 0 Joint 3: 0 Joint 4: 0 Joint 5: 0 
Received joint positions: Joint 0: -0.0296739 Joint 1: 1.84496 Joint 2: -1.23986 Joint 3: -1.06698 Joint 4: -0.0296739 Joint 5: -3.14159 
Received joint velocities: Joint 0: 0 Joint 1: 0 Joint 2: 0 Joint 3: 0 Joint 4: 0 Joint 5: 0 
Received joint positions: Joint 0: -0.0296739 Joint 1: 1.84496 Joint 2: -1.23986 Joint 3: -1.06698 Joint 4: -0.0296739 Joint 5: -3.14159 
Received joint velocities: Joint 0: 0 Joint 1: 0 Joint 2: 0 Joint 3: 0 Joint 4: 0 Joint 5: 0 
Received joint positions: Joint 0: -0.0296739 Joint 1: 1.84496 Joint 2: -1.23986 Joint 3: -1.06698 Joint 4: -0.0296739 Joint 5: -3.14159 
Received joint velocities: Joint 0: 0 Joint 1: 0 Joint 2: 0 Joint 3: 0 Joint 4: 0 Joint 5: 0 
Received joint positions: Joint 0: -0.0296739 Joint 1: 1.84496 Joint 2: -1.23986 Joint 3: -1.06698 Joint 4: -0.0296739 Joint 5: -3.14159 
Received joint velocities: Joint 0: 0 Joint 1: 0 Joint 2: 0 Joint 3: 0 Joint 4: 0 Joint 5: 0 
Received joint positions: Joint 0: -0.0296739 Joint 1: 1.84496 Joint 2: -1.23986 Joint 3: -1.06698 Joint 4: -0.0296739 Joint 5: -3.14159 
Received joint velocities: Joint 0: 0 Joint 1: 0 Joint 2: 0 Joint 3: 0 Joint 4: 0 Joint 5: 0 
Received joint positions: Joint 0: -0.0296739 Joint 1: 1.84496 Joint 2: -1.23986 Joint 3: -1.06698 Joint 4: -0.0296739 Joint 5: -3.14159 
Received joint velocities: Joint 0: 0 Joint 1: 0 Joint 2: 0 Joint 3: 0 Joint 4: 0 Joint 5: 0 
Received joint positions: Joint 0: -0.0296739 Joint 1: 1.84496 Joint 2: -1.23986 Joint 3: -1.06698 Joint 4: -0.0296739 Joint 5: -3.14159 
Received joint velocities: Joint 0: 0 Joint 1: 0 Joint 2: 0 Joint 3: 0 Joint 4: 0 Joint 5: 0 
Received joint positions: Joint 0: -0.0399698 Joint 1: 1.84925 Joint 2: -1.24616 Joint 3: -1.07384 Joint 4: -0.0399698 Joint 5: -3.14159 
Received joint velocities: Joint 0: 0 Joint 1: 0 Joint 2: 0 Joint 3: 0 Joint 4: 0 Joint 5: 0 
Received joint positions: Joint 0: -0.0399698 Joint 1: 1.84925 Joint 2: -1.24616 Joint 3: -1.07384 Joint 4: -0.0399698 Joint 5: -3.14159 
Received joint velocities: Joint 0: 0 Joint 1: 0 Joint 2: 0 Joint 3: 0 Joint 4: 0 Joint 5: 0 
Received joint positions: Joint 0: -0.0399698 Joint 1: 1.84925 Joint 2: -1.24616 Joint 3: -1.07384 Joint 4: -0.0399698 Joint 5: -3.14159 
Received joint velocities: Joint 0: 0 Joint 1: 0 Joint 2: 0 Joint 3: 0 Joint 4: 0 Joint 5: 0 
Received joint positions: Joint 0: -0.0399698 Joint 1: 1.84925 Joint 2: -1.24616 Joint 3: -1.07384 Joint 4: -0.0399698 Joint 5: -3.14159 
Received joint velocities: Joint 0: 0 Joint 1: 0 Joint 2: 0 Joint 3: 0 Joint 4: 0 Joint 5: 0 
Received joint positions: Joint 0: -0.0399698 Joint 1: 1.84925 Joint 2: -1.24616 Joint 3: -1.07384 Joint 4: -0.0399698 Joint 5: -3.14159 
Received joint velocities: Joint 0: 0 Joint 1: 0 Joint 2: 0 Joint 3: 0 Joint 4: 0 Joint 5: 0 
Received joint positions: Joint 0: -0.0399698 Joint 1: 1.84925 Joint 2: -1.24616 Joint 3: -1.07384 Joint 4: -0.0399698 Joint 5: -3.14159 
Received joint velocities: Joint 0: 0 Joint 1: 0 Joint 2: 0 Joint 3: 0 Joint 4: 0 Joint 5: 0 
Received joint positions: Joint 0: -0.0399698 Joint 1: 1.84925 Joint 2: -1.24616 Joint 3: -1.07384 Joint 4: -0.0399698 Joint 5: -3.14159 
Received joint velocities: Joint 0: 0 Joint 1: 0 Joint 2: 0 Joint 3: 0 Joint 4: 0 Joint 5: 0 
Received joint positions: Joint 0: -0.0399698 Joint 1: 1.84925 Joint 2: -1.24616 Joint 3: -1.07384 Joint 4: -0.0399698 Joint 5: -3.14159 
Received joint velocities: Joint 0: 0 Joint 1: 0 Joint 2: 0 Joint 3: 0 Joint 4: 0 Joint 5: 0 
Received joint positions: Joint 0: -0.0399698 Joint 1: 1.84925 Joint 2: -1.24616 Joint 3: -1.07384 Joint 4: -0.0399698 Joint 5: -3.14159 
Received joint velocities: Joint 0: 0 Joint 1: 0 Joint 2: 0 Joint 3: 0 Joint 4: 0 Joint 5: 0 
Received joint positions: Joint 0: -0.0399698 Joint 1: 1.84925 Joint 2: -1.24616 Joint 3: -1.07384 Joint 4: -0.0399698 Joint 5: -3.14159 
Received joint velocities: Joint 0: 0 Joint 1: 0 Joint 2: 0 Joint 3: 0 Joint 4: 0 Joint 5: 0 
Received joint positions: Joint 0: -0.0517897 Joint 1: 1.85417 Joint 2: -1.25338 Joint 3: -1.08172 Joint 4: -0.0517897 Joint 5: -3.14159 
Received joint velocities: Joint 0: 0 Joint 1: 0 Joint 2: 0 Joint 3: 0 Joint 4: 0 Joint 5: 0 
Received joint positions: Joint 0: -0.0517897 Joint 1: 1.85417 Joint 2: -1.25338 Joint 3: -1.08172 Joint 4: -0.0517897 Joint 5: -3.14159 
Received joint velocities: Joint 0: 0 Joint 1: 0 Joint 2: 0 Joint 3: 0 Joint 4: 0 Joint 5: 0 
Received joint positions: Joint 0: -0.0517897 Joint 1: 1.85417 Joint 2: -1.25338 Joint 3: -1.08172 Joint 4: -0.0517897 Joint 5: -3.14159 
Received joint velocities: Joint 0: 0 Joint 1: 0 Joint 2: 0 Joint 3: 0 Joint 4: 0 Joint 5: 0 
Received joint positions: Joint 0: -0.0517897 Joint 1: 1.85417 Joint 2: -1.25338 Joint 3: -1.08172 Joint 4: -0.0517897 Joint 5: -3.14159 
Received joint velocities: Joint 0: 0 Joint 1: 0 Joint 2: 0 Joint 3: 0 Joint 4: 0 Joint 5: 0 
Received joint positions: Joint 0: -0.0517897 Joint 1: 1.85417 Joint 2: -1.25338 Joint 3: -1.08172 Joint 4: -0.0517897 Joint 5: -3.14159 
Received joint velocities: Joint 0: 0 Joint 1: 0 Joint 2: 0 Joint 3: 0 Joint 4: 0 Joint 5: 0 
Received joint positions: Joint 0: -0.0517897 Joint 1: 1.85417 Joint 2: -1.25338 Joint 3: -1.08172 Joint 4: -0.0517897 Joint 5: -3.14159 
Received joint velocities: Joint 0: 0 Joint 1: 0 Joint 2: 0 Joint 3: 0 Joint 4: 0 Joint 5: 0 
Received joint positions: Joint 0: -0.0517897 Joint 1: 1.85417 Joint 2: -1.25338 Joint 3: -1.08172 Joint 4: -0.0517897 Joint 5: -3.14159 
Received joint velocities: Joint 0: 0 Joint 1: 0 Joint 2: 0 Joint 3: 0 Joint 4: 0 Joint 5: 0 
Received joint positions: Joint 0: -0.0517897 Joint 1: 1.85417 Joint 2: -1.25338 Joint 3: -1.08172 Joint 4: -0.0517897 Joint 5: -3.14159 
Received joint velocities: Joint 0: 0 Joint 1: 0 Joint 2: 0 Joint 3: 0 Joint 4: 0 Joint 5: 0 
Received joint positions: Joint 0: -0.0517897 Joint 1: 1.85417 Joint 2: -1.25338 Joint 3: -1.08172 Joint 4: -0.0517897 Joint 5: -3.14159 
Received joint velocities: Joint 0: 0 Joint 1: 0 Joint 2: 0 Joint 3: 0 Joint 4: 0 Joint 5: 0 
Received joint positions: Joint 0: -0.0517897 Joint 1: 1.85417 Joint 2: -1.25338 Joint 3: -1.08172 Joint 4: -0.0517897 Joint 5: -3.14159 
Received joint velocities: Joint 0: 0 Joint 1: 0 Joint 2: 0 Joint 3: 0 Joint 4: 0 Joint 5: 0 
Received joint positions: Joint 0: -0.0651187 Joint 1: 1.85973 Joint 2: -1.26153 Joint 3: -1.09061 Joint 4: -0.0651187 Joint 5: -3.14159 
Received joint velocities: Joint 0: 0 Joint 1: 0 Joint 2: 0 Joint 3: 0 Joint 4: 0 Joint 5: 0 
Received joint positions: Joint 0: -0.0651187 Joint 1: 1.85973 Joint 2: -1.26153 Joint 3: -1.09061 Joint 4: -0.0651187 Joint 5: -3.14159 
Received joint velocities: Joint 0: 0 Joint 1: 0 Joint 2: 0 Joint 3: 0 Joint 4: 0 Joint 5: 0 
Received joint positions: Joint 0: -0.0651187 Joint 1: 1.85973 Joint 2: -1.26153 Joint 3: -1.09061 Joint 4: -0.0651187 Joint 5: -3.14159 
Received joint velocities: Joint 0: 0 Joint 1: 0 Joint 2: 0 Joint 3: 0 Joint 4: 0 Joint 5: 0 
Received joint positions: Joint 0: -0.0651187 Joint 1: 1.85973 Joint 2: -1.26153 Joint 3: -1.09061 Joint 4: -0.0651187 Joint 5: -3.14159 
Received joint velocities: Joint 0: 0 Joint 1: 0 Joint 2: 0 Joint 3: 0 Joint 4: 0 Joint 5: 0 
Received joint positions: Joint 0: -0.0651187 Joint 1: 1.85973 Joint 2: -1.26153 Joint 3: -1.09061 Joint 4: -0.0651187 Joint 5: -3.14159 
Received joint velocities: Joint 0: 0 Joint 1: 0 Joint 2: 0 Joint 3: 0 Joint 4: 0 Joint 5: 0 
Received joint positions: Joint 0: -0.0651187 Joint 1: 1.85973 Joint 2: -1.26153 Joint 3: -1.09061 Joint 4: -0.0651187 Joint 5: -3.14159 
Received joint velocities: Joint 0: 0 Joint 1: 0 Joint 2: 0 Joint 3: 0 Joint 4: 0 Joint 5: 0 
Received joint positions: Joint 0: -0.0651187 Joint 1: 1.85973 Joint 2: -1.26153 Joint 3: -1.09061 Joint 4: -0.0651187 Joint 5: -3.14159 
Received joint velocities: Joint 0: 0 Joint 1: 0 Joint 2: 0 Joint 3: 0 Joint 4: 0 Joint 5: 0 
Received joint positions: Joint 0: -0.0651187 Joint 1: 1.85973 Joint 2: -1.26153 Joint 3: -1.09061 Joint 4: -0.0651187 Joint 5: -3.14159 
Received joint velocities: Joint 0: 0 Joint 1: 0 Joint 2: 0 Joint 3: 0 Joint 4: 0 Joint 5: 0 
Received joint positions: Joint 0: -0.0651187 Joint 1: 1.85973 Joint 2: -1.26153 Joint 3: -1.09061 Joint 4: -0.0651187 Joint 5: -3.14159 
Received joint velocities: Joint 0: 0 Joint 1: 0 Joint 2: 0 Joint 3: 0 Joint 4: 0 Joint 5: 0 
Received joint positions: Joint 0: -0.0651187 Joint 1: 1.85973 Joint 2: -1.26153 Joint 3: -1.09061 Joint 4: -0.0651187 Joint 5: -3.14159 
Received joint velocities: Joint 0: 0 Joint 1: 0 Joint 2: 0 Joint 3: 0 Joint 4: 0 Joint 5: 0 
Received joint positions: Joint 0: -0.0799386 Joint 1: 1.8659 Joint 2: -1.27058 Joint 3: -1.10049 Joint 4: -0.0799386 Joint 5: -3.14159 
Received joint velocities: Joint 0: 0 Joint 1: 0 Joint 2: 0 Joint 3: 0 Joint 4: 0 Joint 5: 0 
Received joint positions: Joint 0: -0.0799386 Joint 1: 1.8659 Joint 2: -1.27058 Joint 3: -1.10049 Joint 4: -0.0799386 Joint 5: -3.14159 
Received joint velocities: Joint 0: 0 Joint 1: 0 Joint 2: 0 Joint 3: 0 Joint 4: 0 Joint 5: 0 
Received joint positions: Joint 0: -0.0799386 Joint 1: 1.8659 Joint 2: -1.27058 Joint 3: -1.10049 Joint 4: -0.0799386 Joint 5: -3.14159 
Received joint velocities: Joint 0: 0 Joint 1: 0 Joint 2: 0 Joint 3: 0 Joint 4: 0 Joint 5: 0 
Received joint positions: Joint 0: -0.0799386 Joint 1: 1.8659 Joint 2: -1.27058 Joint 3: -1.10049 Joint 4: -0.0799386 Joint 5: -3.14159 
Received joint velocities: Joint 0: 0 Joint 1: 0 Joint 2: 0 Joint 3: 0 Joint 4: 0 Joint 5: 0 
Received joint positions: Joint 0: -0.0799386 Joint 1: 1.8659 Joint 2: -1.27058 Joint 3: -1.10049 Joint 4: -0.0799386 Joint 5: -3.14159 
Received joint velocities: Joint 0: 0 Joint 1: 0 Joint 2: 0 Joint 3: 0 Joint 4: 0 Joint 5: 0 
Received joint positions: Joint 0: -0.0799386 Joint 1: 1.8659 Joint 2: -1.27058 Joint 3: -1.10049 Joint 4: -0.0799386 Joint 5: -3.14159 
Received joint velocities: Joint 0: 0 Joint 1: 0 Joint 2: 0 Joint 3: 0 Joint 4: 0 Joint 5: 0 
Received joint positions: Joint 0: -0.0799386 Joint 1: 1.8659 Joint 2: -1.27058 Joint 3: -1.10049 Joint 4: -0.0799386 Joint 5: -3.14159 
Received joint velocities: Joint 0: 0 Joint 1: 0 Joint 2: 0 Joint 3: 0 Joint 4: 0 Joint 5: 0 
Received joint positions: Joint 0: -0.0799386 Joint 1: 1.8659 Joint 2: -1.27058 Joint 3: -1.10049 Joint 4: -0.0799386 Joint 5: -3.14159 
Received joint velocities: Joint 0: 0 Joint 1: 0 Joint 2: 0 Joint 3: 0 Joint 4: 0 Joint 5: 0 
Received joint positions: Joint 0: -0.0799386 Joint 1: 1.8659 Joint 2: -1.27058 Joint 3: -1.10049 Joint 4: -0.0799386 Joint 5: -3.14159 
Received joint velocities: Joint 0: 0 Joint 1: 0 Joint 2: 0 Joint 3: 0 Joint 4: 0 Joint 5: 0 
Received joint positions: Joint 0: -0.0799386 Joint 1: 1.8659 Joint 2: -1.27058 Joint 3: -1.10049 Joint 4: -0.0799386 Joint 5: -3.14159 
Received joint velocities: Joint 0: 0 Joint 1: 0 Joint 2: 0 Joint 3: 0 Joint 4: 0 Joint 5: 0 
Received joint positions: Joint 0: -0.0961758 Joint 1: 1.87267 Joint 2: -1.2805 Joint 3: -1.11131 Joint 4: -0.0961758 Joint 5: -3.14159 
Received joint velocities: Joint 0: 0 Joint 1: 0 Joint 2: 0 Joint 3: 0 Joint 4: 0 Joint 5: 0 
Received joint positions: Joint 0: -0.0961758 Joint 1: 1.87267 Joint 2: -1.2805 Joint 3: -1.11131 Joint 4: -0.0961758 Joint 5: -3.14159 
Received joint velocities: Joint 0: 0 Joint 1: 0 Joint 2: 0 Joint 3: 0 Joint 4: 0 Joint 5: 0 
Received joint positions: Joint 0: -0.0961758 Joint 1: 1.87267 Joint 2: -1.2805 Joint 3: -1.11131 Joint 4: -0.0961758 Joint 5: -3.14159 
Received joint velocities: Joint 0: 0 Joint 1: 0 Joint 2: 0 Joint 3: 0 Joint 4: 0 Joint 5: 0 
Received joint positions: Joint 0: -0.0961758 Joint 1: 1.87267 Joint 2: -1.2805 Joint 3: -1.11131 Joint 4: -0.0961758 Joint 5: -3.14159 
Received joint velocities: Joint 0: 0 Joint 1: 0 Joint 2: 0 Joint 3: 0 Joint 4: 0 Joint 5: 0 
Received joint positions: Joint 0: -0.0961758 Joint 1: 1.87267 Joint 2: -1.2805 Joint 3: -1.11131 Joint 4: -0.0961758 Joint 5: -3.14159 
Received joint velocities: Joint 0: 0 Joint 1: 0 Joint 2: 0 Joint 3: 0 Joint 4: 0 Joint 5: 0 
Received joint positions: Joint 0: -0.0961758 Joint 1: 1.87267 Joint 2: -1.2805 Joint 3: -1.11131 Joint 4: -0.0961758 Joint 5: -3.14159 
Received joint velocities: Joint 0: 0 Joint 1: 0 Joint 2: 0 Joint 3: 0 Joint 4: 0 Joint 5: 0 
Received joint positions: Joint 0: -0.0961758 Joint 1: 1.87267 Joint 2: -1.2805 Joint 3: -1.11131 Joint 4: -0.0961758 Joint 5: -3.14159 
Received joint velocities: Joint 0: 0 Joint 1: 0 Joint 2: 0 Joint 3: 0 Joint 4: 0 Joint 5: 0 
Received joint positions: Joint 0: -0.0961758 Joint 1: 1.87267 Joint 2: -1.2805 Joint 3: -1.11131 Joint 4: -0.0961758 Joint 5: -3.14159 
Received joint velocities: Joint 0: 0 Joint 1: 0 Joint 2: 0 Joint 3: 0 Joint 4: 0 Joint 5: 0 
Received joint positions: Joint 0: -0.0961758 Joint 1: 1.87267 Joint 2: -1.2805 Joint 3: -1.11131 Joint 4: -0.0961758 Joint 5: -3.14159 
Received joint velocities: Joint 0: 0 Joint 1: 0 Joint 2: 0 Joint 3: 0 Joint 4: 0 Joint 5: 0 
Received joint positions: Joint 0: -0.0961758 Joint 1: 1.87267 Joint 2: -1.2805 Joint 3: -1.11131 Joint 4: -0.0961758 Joint 5: -3.14159 
Received joint velocities: Joint 0: 0 Joint 1: 0 Joint 2: 0 Joint 3: 0 Joint 4: 0 Joint 5: 0 
Received joint positions: Joint 0: -0.113914 Joint 1: 1.88006 Joint 2: -1.29134 Joint 3: -1.12314 Joint 4: -0.113914 Joint 5: -3.14159 
Received joint velocities: Joint 0: 0 Joint 1: 0 Joint 2: 0 Joint 3: 0 Joint 4: 0 Joint 5: 0 
Received joint positions: Joint 0: -0.113914 Joint 1: 1.88006 Joint 2: -1.29134 Joint 3: -1.12314 Joint 4: -0.113914 Joint 5: -3.14159 
Received joint velocities: Joint 0: 0 Joint 1: 0 Joint 2: 0 Joint 3: 0 Joint 4: 0 Joint 5: 0 
Received joint positions: Joint 0: -0.113914 Joint 1: 1.88006 Joint 2: -1.29134 Joint 3: -1.12314 Joint 4: -0.113914 Joint 5: -3.14159 
Received joint velocities: Joint 0: 0 Joint 1: 0 Joint 2: 0 Joint 3: 0 Joint 4: 0 Joint 5: 0 
Received joint positions: Joint 0: -0.113914 Joint 1: 1.88006 Joint 2: -1.29134 Joint 3: -1.12314 Joint 4: -0.113914 Joint 5: -3.14159 
Received joint velocities: Joint 0: 0 Joint 1: 0 Joint 2: 0 Joint 3: 0 Joint 4: 0 Joint 5: 0 
Received joint positions: Joint 0: -0.113914 Joint 1: 1.88006 Joint 2: -1.29134 Joint 3: -1.12314 Joint 4: -0.113914 Joint 5: -3.14159 
Received joint velocities: Joint 0: 0 Joint 1: 0 Joint 2: 0 Joint 3: 0 Joint 4: 0 Joint 5: 0 
Received joint positions: Joint 0: -0.113914 Joint 1: 1.88006 Joint 2: -1.29134 Joint 3: -1.12314 Joint 4: -0.113914 Joint 5: -3.14159 
Received joint velocities: Joint 0: 0 Joint 1: 0 Joint 2: 0 Joint 3: 0 Joint 4: 0 Joint 5: 0 
Received joint positions: Joint 0: -0.113914 Joint 1: 1.88006 Joint 2: -1.29134 Joint 3: -1.12314 Joint 4: -0.113914 Joint 5: -3.14159 
Received joint velocities: Joint 0: 0 Joint 1: 0 Joint 2: 0 Joint 3: 0 Joint 4: 0 Joint 5: 0 
Received joint positions: Joint 0: -0.113914 Joint 1: 1.88006 Joint 2: -1.29134 Joint 3: -1.12314 Joint 4: -0.113914 Joint 5: -3.14159 
Received joint velocities: Joint 0: 0 Joint 1: 0 Joint 2: 0 Joint 3: 0 Joint 4: 0 Joint 5: 0 
Received joint positions: Joint 0: -0.113914 Joint 1: 1.88006 Joint 2: -1.29134 Joint 3: -1.12314 Joint 4: -0.113914 Joint 5: -3.14159 
Received joint velocities: Joint 0: 0 Joint 1: 0 Joint 2: 0 Joint 3: 0 Joint 4: 0 Joint 5: 0 
Received joint positions: Joint 0: -0.113914 Joint 1: 1.88006 Joint 2: -1.29134 Joint 3: -1.12314 Joint 4: -0.113914 Joint 5: -3.14159 
Received joint velocities: Joint 0: 0 Joint 1: 0 Joint 2: 0 Joint 3: 0 Joint 4: 0 Joint 5: 0 
Received joint positions: Joint 0: -0.133079 Joint 1: 1.88805 Joint 2: -1.30306 Joint 3: -1.13592 Joint 4: -0.133079 Joint 5: -3.14159 
Received joint velocities: Joint 0: 0 Joint 1: 0 Joint 2: 0 Joint 3: 0 Joint 4: 0 Joint 5: 0 
Received joint positions: Joint 0: -0.133079 Joint 1: 1.88805 Joint 2: -1.30306 Joint 3: -1.13592 Joint 4: -0.133079 Joint 5: -3.14159 
Received joint velocities: Joint 0: 0 Joint 1: 0 Joint 2: 0 Joint 3: 0 Joint 4: 0 Joint 5: 0 
Received joint positions: Joint 0: -0.133079 Joint 1: 1.88805 Joint 2: -1.30306 Joint 3: -1.13592 Joint 4: -0.133079 Joint 5: -3.14159 
Received joint velocities: Joint 0: 0 Joint 1: 0 Joint 2: 0 Joint 3: 0 Joint 4: 0 Joint 5: 0 
Received joint positions: Joint 0: -0.133079 Joint 1: 1.88805 Joint 2: -1.30306 Joint 3: -1.13592 Joint 4: -0.133079 Joint 5: -3.14159 
Received joint velocities: Joint 0: 0 Joint 1: 0 Joint 2: 0 Joint 3: 0 Joint 4: 0 Joint 5: 0 
Received joint positions: Joint 0: -0.133079 Joint 1: 1.88805 Joint 2: -1.30306 Joint 3: -1.13592 Joint 4: -0.133079 Joint 5: -3.14159 
Received joint velocities: Joint 0: 0 Joint 1: 0 Joint 2: 0 Joint 3: 0 Joint 4: 0 Joint 5: 0 
Received joint positions: Joint 0: -0.133079 Joint 1: 1.88805 Joint 2: -1.30306 Joint 3: -1.13592 Joint 4: -0.133079 Joint 5: -3.14159 
Received joint velocities: Joint 0: 0 Joint 1: 0 Joint 2: 0 Joint 3: 0 Joint 4: 0 Joint 5: 0 
Received joint positions: Joint 0: -0.133079 Joint 1: 1.88805 Joint 2: -1.30306 Joint 3: -1.13592 Joint 4: -0.133079 Joint 5: -3.14159 
Received joint velocities: Joint 0: 0 Joint 1: 0 Joint 2: 0 Joint 3: 0 Joint 4: 0 Joint 5: 0 
Received joint positions: Joint 0: -0.133079 Joint 1: 1.88805 Joint 2: -1.30306 Joint 3: -1.13592 Joint 4: -0.133079 Joint 5: -3.14159 
Received joint velocities: Joint 0: 0 Joint 1: 0 Joint 2: 0 Joint 3: 0 Joint 4: 0 Joint 5: 0 
Received joint positions: Joint 0: -0.133079 Joint 1: 1.88805 Joint 2: -1.30306 Joint 3: -1.13592 Joint 4: -0.133079 Joint 5: -3.14159 
Received joint velocities: Joint 0: 0 Joint 1: 0 Joint 2: 0 Joint 3: 0 Joint 4: 0 Joint 5: 0 
Received joint positions: Joint 0: -0.133079 Joint 1: 1.88805 Joint 2: -1.30306 Joint 3: -1.13592 Joint 4: -0.133079 Joint 5: -3.14159 
Received joint velocities: Joint 0: 0 Joint 1: 0 Joint 2: 0 Joint 3: 0 Joint 4: 0 Joint 5: 0 
Received joint positions: Joint 0: -0.153669 Joint 1: 1.89662 Joint 2: -1.31564 Joint 3: -1.14964 Joint 4: -0.153669 Joint 5: -3.14159 
Received joint velocities: Joint 0: 0 Joint 1: 0 Joint 2: 0 Joint 3: 0 Joint 4: 0 Joint 5: 0 
Received joint positions: Joint 0: -0.153669 Joint 1: 1.89662 Joint 2: -1.31564 Joint 3: -1.14964 Joint 4: -0.153669 Joint 5: -3.14159 
Received joint velocities: Joint 0: 0 Joint 1: 0 Joint 2: 0 Joint 3: 0 Joint 4: 0 Joint 5: 0 
Received joint positions: Joint 0: -0.153669 Joint 1: 1.89662 Joint 2: -1.31564 Joint 3: -1.14964 Joint 4: -0.153669 Joint 5: -3.14159 
Received joint velocities: Joint 0: 0 Joint 1: 0 Joint 2: 0 Joint 3: 0 Joint 4: 0 Joint 5: 0 
Received joint positions: Joint 0: -0.153669 Joint 1: 1.89662 Joint 2: -1.31564 Joint 3: -1.14964 Joint 4: -0.153669 Joint 5: -3.14159 
Received joint velocities: Joint 0: 0 Joint 1: 0 Joint 2: 0 Joint 3: 0 Joint 4: 0 Joint 5: 0 
Received joint positions: Joint 0: -0.153669 Joint 1: 1.89662 Joint 2: -1.31564 Joint 3: -1.14964 Joint 4: -0.153669 Joint 5: -3.14159 
Received joint velocities: Joint 0: 0 Joint 1: 0 Joint 2: 0 Joint 3: 0 Joint 4: 0 Joint 5: 0 
Received joint positions: Joint 0: -0.153669 Joint 1: 1.89662 Joint 2: -1.31564 Joint 3: -1.14964 Joint 4: -0.153669 Joint 5: -3.14159 
Received joint velocities: Joint 0: 0 Joint 1: 0 Joint 2: 0 Joint 3: 0 Joint 4: 0 Joint 5: 0 
Received joint positions: Joint 0: -0.153669 Joint 1: 1.89662 Joint 2: -1.31564 Joint 3: -1.14964 Joint 4: -0.153669 Joint 5: -3.14159 
Received joint velocities: Joint 0: 0 Joint 1: 0 Joint 2: 0 Joint 3: 0 Joint 4: 0 Joint 5: 0 
Received joint positions: Joint 0: -0.153669 Joint 1: 1.89662 Joint 2: -1.31564 Joint 3: -1.14964 Joint 4: -0.153669 Joint 5: -3.14159 
Received joint velocities: Joint 0: 0 Joint 1: 0 Joint 2: 0 Joint 3: 0 Joint 4: 0 Joint 5: 0 
Received joint positions: Joint 0: -0.153669 Joint 1: 1.89662 Joint 2: -1.31564 Joint 3: -1.14964 Joint 4: -0.153669 Joint 5: -3.14159 
Received joint velocities: Joint 0: 0 Joint 1: 0 Joint 2: 0 Joint 3: 0 Joint 4: 0 Joint 5: 0 
Received joint positions: Joint 0: -0.153669 Joint 1: 1.89662 Joint 2: -1.31564 Joint 3: -1.14964 Joint 4: -0.153669 Joint 5: -3.14159 
Received joint velocities: Joint 0: 0 Joint 1: 0 Joint 2: 0 Joint 3: 0 Joint 4: 0 Joint 5: 0 
Received joint positions: Joint 0: -0.176272 Joint 1: 1.90604 Joint 2: -1.32945 Joint 3: -1.16471 Joint 4: -0.176272 Joint 5: -3.14159 
Received joint velocities: Joint 0: 0 Joint 1: 0 Joint 2: 0 Joint 3: 0 Joint 4: 0 Joint 5: 0 
Received joint positions: Joint 0: -0.176272 Joint 1: 1.90604 Joint 2: -1.32945 Joint 3: -1.16471 Joint 4: -0.176272 Joint 5: -3.14159 
Received joint velocities: Joint 0: 0 Joint 1: 0 Joint 2: 0 Joint 3: 0 Joint 4: 0 Joint 5: 0 
Received joint positions: Joint 0: -0.176272 Joint 1: 1.90604 Joint 2: -1.32945 Joint 3: -1.16471 Joint 4: -0.176272 Joint 5: -3.14159 
Received joint velocities: Joint 0: 0 Joint 1: 0 Joint 2: 0 Joint 3: 0 Joint 4: 0 Joint 5: 0 
Received joint positions: Joint 0: -0.176272 Joint 1: 1.90604 Joint 2: -1.32945 Joint 3: -1.16471 Joint 4: -0.176272 Joint 5: -3.14159 
Received joint velocities: Joint 0: 0 Joint 1: 0 Joint 2: 0 Joint 3: 0 Joint 4: 0 Joint 5: 0 
Received joint positions: Joint 0: -0.176272 Joint 1: 1.90604 Joint 2: -1.32945 Joint 3: -1.16471 Joint 4: -0.176272 Joint 5: -3.14159 
Received joint velocities: Joint 0: 0 Joint 1: 0 Joint 2: 0 Joint 3: 0 Joint 4: 0 Joint 5: 0 
Received joint positions: Joint 0: -0.176272 Joint 1: 1.90604 Joint 2: -1.32945 Joint 3: -1.16471 Joint 4: -0.176272 Joint 5: -3.14159 
Received joint velocities: Joint 0: 0 Joint 1: 0 Joint 2: 0 Joint 3: 0 Joint 4: 0 Joint 5: 0 
Received joint positions: Joint 0: -0.176272 Joint 1: 1.90604 Joint 2: -1.32945 Joint 3: -1.16471 Joint 4: -0.176272 Joint 5: -3.14159 
Received joint velocities: Joint 0: 0 Joint 1: 0 Joint 2: 0 Joint 3: 0 Joint 4: 0 Joint 5: 0 
Received joint positions: Joint 0: -0.176272 Joint 1: 1.90604 Joint 2: -1.32945 Joint 3: -1.16471 Joint 4: -0.176272 Joint 5: -3.14159 
Received joint velocities: Joint 0: 0 Joint 1: 0 Joint 2: 0 Joint 3: 0 Joint 4: 0 Joint 5: 0 
Received joint positions: Joint 0: -0.176272 Joint 1: 1.90604 Joint 2: -1.32945 Joint 3: -1.16471 Joint 4: -0.176272 Joint 5: -3.14159 
Received joint velocities: Joint 0: 0 Joint 1: 0 Joint 2: 0 Joint 3: 0 Joint 4: 0 Joint 5: 0 
Received joint positions: Joint 0: -0.176272 Joint 1: 1.90604 Joint 2: -1.32945 Joint 3: -1.16471 Joint 4: -0.176272 Joint 5: -3.14159 
Received joint velocities: Joint 0: 0 Joint 1: 0 Joint 2: 0 Joint 3: 0 Joint 4: 0 Joint 5: 0 
Received joint positions: Joint 0: -0.199046 Joint 1: 1.91553 Joint 2: -1.34337 Joint 3: -1.17989 Joint 4: -0.199046 Joint 5: -3.14159 
Received joint velocities: Joint 0: 0 Joint 1: 0 Joint 2: 0 Joint 3: 0 Joint 4: 0 Joint 5: 0 
Received joint positions: Joint 0: -0.199046 Joint 1: 1.91553 Joint 2: -1.34337 Joint 3: -1.17989 Joint 4: -0.199046 Joint 5: -3.14159 
Received joint velocities: Joint 0: 0 Joint 1: 0 Joint 2: 0 Joint 3: 0 Joint 4: 0 Joint 5: 0 
Received joint positions: Joint 0: -0.199046 Joint 1: 1.91553 Joint 2: -1.34337 Joint 3: -1.17989 Joint 4: -0.199046 Joint 5: -3.14159 
Received joint velocities: Joint 0: 0 Joint 1: 0 Joint 2: 0 Joint 3: 0 Joint 4: 0 Joint 5: 0 
Received joint positions: Joint 0: -0.199046 Joint 1: 1.91553 Joint 2: -1.34337 Joint 3: -1.17989 Joint 4: -0.199046 Joint 5: -3.14159 
Received joint velocities: Joint 0: 0 Joint 1: 0 Joint 2: 0 Joint 3: 0 Joint 4: 0 Joint 5: 0 
Received joint positions: Joint 0: -0.199046 Joint 1: 1.91553 Joint 2: -1.34337 Joint 3: -1.17989 Joint 4: -0.199046 Joint 5: -3.14159 
Received joint velocities: Joint 0: 0 Joint 1: 0 Joint 2: 0 Joint 3: 0 Joint 4: 0 Joint 5: 0 
Received joint positions: Joint 0: -0.199046 Joint 1: 1.91553 Joint 2: -1.34337 Joint 3: -1.17989 Joint 4: -0.199046 Joint 5: -3.14159 
Received joint velocities: Joint 0: 0 Joint 1: 0 Joint 2: 0 Joint 3: 0 Joint 4: 0 Joint 5: 0 
Received joint positions: Joint 0: -0.199046 Joint 1: 1.91553 Joint 2: -1.34337 Joint 3: -1.17989 Joint 4: -0.199046 Joint 5: -3.14159 
Received joint velocities: Joint 0: 0 Joint 1: 0 Joint 2: 0 Joint 3: 0 Joint 4: 0 Joint 5: 0 
Received joint positions: Joint 0: -0.199046 Joint 1: 1.91553 Joint 2: -1.34337 Joint 3: -1.17989 Joint 4: -0.199046 Joint 5: -3.14159 
Received joint velocities: Joint 0: 0 Joint 1: 0 Joint 2: 0 Joint 3: 0 Joint 4: 0 Joint 5: 0 
Received joint positions: Joint 0: -0.199046 Joint 1: 1.91553 Joint 2: -1.34337 Joint 3: -1.17989 Joint 4: -0.199046 Joint 5: -3.14159 
Received joint velocities: Joint 0: 0 Joint 1: 0 Joint 2: 0 Joint 3: 0 Joint 4: 0 Joint 5: 0 
Received joint positions: Joint 0: -0.199046 Joint 1: 1.91553 Joint 2: -1.34337 Joint 3: -1.17989 Joint 4: -0.199046 Joint 5: -3.14159 
Received joint velocities: Joint 0: 0 Joint 1: 0 Joint 2: 0 Joint 3: 0 Joint 4: 0 Joint 5: 0 
Received joint positions: Joint 0: -0.223733 Joint 1: 1.92582 Joint 2: -1.35846 Joint 3: -1.19635 Joint 4: -0.223733 Joint 5: -3.14159 
Received joint velocities: Joint 0: 0 Joint 1: 0 Joint 2: 0 Joint 3: 0 Joint 4: 0 Joint 5: 0 
Received joint positions: Joint 0: -0.223733 Joint 1: 1.92582 Joint 2: -1.35846 Joint 3: -1.19635 Joint 4: -0.223733 Joint 5: -3.14159 
Received joint velocities: Joint 0: 0 Joint 1: 0 Joint 2: 0 Joint 3: 0 Joint 4: 0 Joint 5: 0 
Received joint positions: Joint 0: -0.223733 Joint 1: 1.92582 Joint 2: -1.35846 Joint 3: -1.19635 Joint 4: -0.223733 Joint 5: -3.14159 
Received joint velocities: Joint 0: 0 Joint 1: 0 Joint 2: 0 Joint 3: 0 Joint 4: 0 Joint 5: 0 
Received joint positions: Joint 0: -0.223733 Joint 1: 1.92582 Joint 2: -1.35846 Joint 3: -1.19635 Joint 4: -0.223733 Joint 5: -3.14159 
Received joint velocities: Joint 0: 0 Joint 1: 0 Joint 2: 0 Joint 3: 0 Joint 4: 0 Joint 5: 0 
Received joint positions: Joint 0: -0.223733 Joint 1: 1.92582 Joint 2: -1.35846 Joint 3: -1.19635 Joint 4: -0.223733 Joint 5: -3.14159 
Received joint velocities: Joint 0: 0 Joint 1: 0 Joint 2: 0 Joint 3: 0 Joint 4: 0 Joint 5: 0 
Received joint positions: Joint 0: -0.223733 Joint 1: 1.92582 Joint 2: -1.35846 Joint 3: -1.19635 Joint 4: -0.223733 Joint 5: -3.14159 
Received joint velocities: Joint 0: 0 Joint 1: 0 Joint 2: 0 Joint 3: 0 Joint 4: 0 Joint 5: 0 
Received joint positions: Joint 0: -0.223733 Joint 1: 1.92582 Joint 2: -1.35846 Joint 3: -1.19635 Joint 4: -0.223733 Joint 5: -3.14159 
Received joint velocities: Joint 0: 0 Joint 1: 0 Joint 2: 0 Joint 3: 0 Joint 4: 0 Joint 5: 0 
Received joint positions: Joint 0: -0.223733 Joint 1: 1.92582 Joint 2: -1.35846 Joint 3: -1.19635 Joint 4: -0.223733 Joint 5: -3.14159 
Received joint velocities: Joint 0: 0 Joint 1: 0 Joint 2: 0 Joint 3: 0 Joint 4: 0 Joint 5: 0 
Received joint positions: Joint 0: -0.223733 Joint 1: 1.92582 Joint 2: -1.35846 Joint 3: -1.19635 Joint 4: -0.223733 Joint 5: -3.14159 
Received joint velocities: Joint 0: 0 Joint 1: 0 Joint 2: 0 Joint 3: 0 Joint 4: 0 Joint 5: 0 
Received joint positions: Joint 0: -0.223733 Joint 1: 1.92582 Joint 2: -1.35846 Joint 3: -1.19635 Joint 4: -0.223733 Joint 5: -3.14159 
Received joint velocities: Joint 0: 0 Joint 1: 0 Joint 2: 0 Joint 3: 0 Joint 4: 0 Joint 5: 0 
Received joint positions: Joint 0: -0.249975 Joint 1: 1.93675 Joint 2: -1.37449 Joint 3: -1.21385 Joint 4: -0.249975 Joint 5: -3.14159 
Received joint velocities: Joint 0: 0 Joint 1: 0 Joint 2: 0 Joint 3: 0 Joint 4: 0 Joint 5: 0 
Received joint positions: Joint 0: -0.249975 Joint 1: 1.93675 Joint 2: -1.37449 Joint 3: -1.21385 Joint 4: -0.249975 Joint 5: -3.14159 
Received joint velocities: Joint 0: 0 Joint 1: 0 Joint 2: 0 Joint 3: 0 Joint 4: 0 Joint 5: 0 
Received joint positions: Joint 0: -0.249975 Joint 1: 1.93675 Joint 2: -1.37449 Joint 3: -1.21385 Joint 4: -0.249975 Joint 5: -3.14159 
Received joint velocities: Joint 0: 0 Joint 1: 0 Joint 2: 0 Joint 3: 0 Joint 4: 0 Joint 5: 0 
Received joint positions: Joint 0: -0.249975 Joint 1: 1.93675 Joint 2: -1.37449 Joint 3: -1.21385 Joint 4: -0.249975 Joint 5: -3.14159 
Received joint velocities: Joint 0: 0 Joint 1: 0 Joint 2: 0 Joint 3: 0 Joint 4: 0 Joint 5: 0 
Received joint positions: Joint 0: -0.249975 Joint 1: 1.93675 Joint 2: -1.37449 Joint 3: -1.21385 Joint 4: -0.249975 Joint 5: -3.14159 
Received joint velocities: Joint 0: 0 Joint 1: 0 Joint 2: 0 Joint 3: 0 Joint 4: 0 Joint 5: 0 
Received joint positions: Joint 0: -0.249975 Joint 1: 1.93675 Joint 2: -1.37449 Joint 3: -1.21385 Joint 4: -0.249975 Joint 5: -3.14159 
Received joint velocities: Joint 0: 0 Joint 1: 0 Joint 2: 0 Joint 3: 0 Joint 4: 0 Joint 5: 0 
Received joint positions: Joint 0: -0.249975 Joint 1: 1.93675 Joint 2: -1.37449 Joint 3: -1.21385 Joint 4: -0.249975 Joint 5: -3.14159 
Received joint velocities: Joint 0: 0 Joint 1: 0 Joint 2: 0 Joint 3: 0 Joint 4: 0 Joint 5: 0 
Received joint positions: Joint 0: -0.249975 Joint 1: 1.93675 Joint 2: -1.37449 Joint 3: -1.21385 Joint 4: -0.249975 Joint 5: -3.14159 
Received joint velocities: Joint 0: 0 Joint 1: 0 Joint 2: 0 Joint 3: 0 Joint 4: 0 Joint 5: 0 
Received joint positions: Joint 0: -0.249975 Joint 1: 1.93675 Joint 2: -1.37449 Joint 3: -1.21385 Joint 4: -0.249975 Joint 5: -3.14159 
Received joint velocities: Joint 0: 0 Joint 1: 0 Joint 2: 0 Joint 3: 0 Joint 4: 0 Joint 5: 0 
Received joint positions: Joint 0: -0.249975 Joint 1: 1.93675 Joint 2: -1.37449 Joint 3: -1.21385 Joint 4: -0.249975 Joint 5: -3.14159 
Received joint velocities: Joint 0: 0 Joint 1: 0 Joint 2: 0 Joint 3: 0 Joint 4: 0 Joint 5: 0 
Received joint positions: Joint 0: -0.278508 Joint 1: 1.94864 Joint 2: -1.39193 Joint 3: -1.23287 Joint 4: -0.278508 Joint 5: -3.14159 
Received joint velocities: Joint 0: 0 Joint 1: 0 Joint 2: 0 Joint 3: 0 Joint 4: 0 Joint 5: 0 
Received joint positions: Joint 0: -0.278508 Joint 1: 1.94864 Joint 2: -1.39193 Joint 3: -1.23287 Joint 4: -0.278508 Joint 5: -3.14159 
Received joint velocities: Joint 0: 0 Joint 1: 0 Joint 2: 0 Joint 3: 0 Joint 4: 0 Joint 5: 0 
Received joint positions: Joint 0: -0.278508 Joint 1: 1.94864 Joint 2: -1.39193 Joint 3: -1.23287 Joint 4: -0.278508 Joint 5: -3.14159 
Received joint velocities: Joint 0: 0 Joint 1: 0 Joint 2: 0 Joint 3: 0 Joint 4: 0 Joint 5: 0 
Received joint positions: Joint 0: -0.278508 Joint 1: 1.94864 Joint 2: -1.39193 Joint 3: -1.23287 Joint 4: -0.278508 Joint 5: -3.14159 
Received joint velocities: Joint 0: 0 Joint 1: 0 Joint 2: 0 Joint 3: 0 Joint 4: 0 Joint 5: 0 
Received joint positions: Joint 0: -0.278508 Joint 1: 1.94864 Joint 2: -1.39193 Joint 3: -1.23287 Joint 4: -0.278508 Joint 5: -3.14159 
Received joint velocities: Joint 0: 0 Joint 1: 0 Joint 2: 0 Joint 3: 0 Joint 4: 0 Joint 5: 0 
Received joint positions: Joint 0: -0.278508 Joint 1: 1.94864 Joint 2: -1.39193 Joint 3: -1.23287 Joint 4: -0.278508 Joint 5: -3.14159 
Received joint velocities: Joint 0: 0 Joint 1: 0 Joint 2: 0 Joint 3: 0 Joint 4: 0 Joint 5: 0 
Received joint positions: Joint 0: -0.278508 Joint 1: 1.94864 Joint 2: -1.39193 Joint 3: -1.23287 Joint 4: -0.278508 Joint 5: -3.14159 
Received joint velocities: Joint 0: 0 Joint 1: 0 Joint 2: 0 Joint 3: 0 Joint 4: 0 Joint 5: 0 
Received joint positions: Joint 0: -0.278508 Joint 1: 1.94864 Joint 2: -1.39193 Joint 3: -1.23287 Joint 4: -0.278508 Joint 5: -3.14159 
Received joint velocities: Joint 0: 0 Joint 1: 0 Joint 2: 0 Joint 3: 0 Joint 4: 0 Joint 5: 0 
Received joint positions: Joint 0: -0.278508 Joint 1: 1.94864 Joint 2: -1.39193 Joint 3: -1.23287 Joint 4: -0.278508 Joint 5: -3.14159 
Received joint velocities: Joint 0: 0 Joint 1: 0 Joint 2: 0 Joint 3: 0 Joint 4: 0 Joint 5: 0 
Received joint positions: Joint 0: -0.278508 Joint 1: 1.94864 Joint 2: -1.39193 Joint 3: -1.23287 Joint 4: -0.278508 Joint 5: -3.14159 
Received joint velocities: Joint 0: 0 Joint 1: 0 Joint 2: 0 Joint 3: 0 Joint 4: 0 Joint 5: 0 
Received joint positions: Joint 0: -0.306081 Joint 1: 1.96013 Joint 2: -1.40878 Joint 3: -1.25125 Joint 4: -0.306081 Joint 5: -3.14159 
Received joint velocities: Joint 0: 0 Joint 1: 0 Joint 2: 0 Joint 3: 0 Joint 4: 0 Joint 5: 0 
Received joint positions: Joint 0: -0.306081 Joint 1: 1.96013 Joint 2: -1.40878 Joint 3: -1.25125 Joint 4: -0.306081 Joint 5: -3.14159 
Received joint velocities: Joint 0: 0 Joint 1: 0 Joint 2: 0 Joint 3: 0 Joint 4: 0 Joint 5: 0 
Received joint positions: Joint 0: -0.306081 Joint 1: 1.96013 Joint 2: -1.40878 Joint 3: -1.25125 Joint 4: -0.306081 Joint 5: -3.14159 
Received joint velocities: Joint 0: 0 Joint 1: 0 Joint 2: 0 Joint 3: 0 Joint 4: 0 Joint 5: 0 
Received joint positions: Joint 0: -0.306081 Joint 1: 1.96013 Joint 2: -1.40878 Joint 3: -1.25125 Joint 4: -0.306081 Joint 5: -3.14159 
Received joint velocities: Joint 0: 0 Joint 1: 0 Joint 2: 0 Joint 3: 0 Joint 4: 0 Joint 5: 0 
Received joint positions: Joint 0: -0.306081 Joint 1: 1.96013 Joint 2: -1.40878 Joint 3: -1.25125 Joint 4: -0.306081 Joint 5: -3.14159 
Received joint velocities: Joint 0: 0 Joint 1: 0 Joint 2: 0 Joint 3: 0 Joint 4: 0 Joint 5: 0 
Received joint positions: Joint 0: -0.306081 Joint 1: 1.96013 Joint 2: -1.40878 Joint 3: -1.25125 Joint 4: -0.306081 Joint 5: -3.14159 
Received joint velocities: Joint 0: 0 Joint 1: 0 Joint 2: 0 Joint 3: 0 Joint 4: 0 Joint 5: 0 
Received joint positions: Joint 0: -0.306081 Joint 1: 1.96013 Joint 2: -1.40878 Joint 3: -1.25125 Joint 4: -0.306081 Joint 5: -3.14159 
Received joint velocities: Joint 0: 0 Joint 1: 0 Joint 2: 0 Joint 3: 0 Joint 4: 0 Joint 5: 0 
Received joint positions: Joint 0: -0.306081 Joint 1: 1.96013 Joint 2: -1.40878 Joint 3: -1.25125 Joint 4: -0.306081 Joint 5: -3.14159 
Received joint velocities: Joint 0: 0 Joint 1: 0 Joint 2: 0 Joint 3: 0 Joint 4: 0 Joint 5: 0 
Received joint positions: Joint 0: -0.306081 Joint 1: 1.96013 Joint 2: -1.40878 Joint 3: -1.25125 Joint 4: -0.306081 Joint 5: -3.14159 
Received joint velocities: Joint 0: 0 Joint 1: 0 Joint 2: 0 Joint 3: 0 Joint 4: 0 Joint 5: 0 
Received joint positions: Joint 0: -0.306081 Joint 1: 1.96013 Joint 2: -1.40878 Joint 3: -1.25125 Joint 4: -0.306081 Joint 5: -3.14159 
Received joint velocities: Joint 0: 0 Joint 1: 0 Joint 2: 0 Joint 3: 0 Joint 4: 0 Joint 5: 0 
Received joint positions: Joint 0: -0.336162 Joint 1: 1.97266 Joint 2: -1.42716 Joint 3: -1.27131 Joint 4: -0.336162 Joint 5: -3.14159 
Received joint velocities: Joint 0: 0 Joint 1: 0 Joint 2: 0 Joint 3: 0 Joint 4: 0 Joint 5: 0 
Received joint positions: Joint 0: -0.336162 Joint 1: 1.97266 Joint 2: -1.42716 Joint 3: -1.27131 Joint 4: -0.336162 Joint 5: -3.14159 
Received joint velocities: Joint 0: 0 Joint 1: 0 Joint 2: 0 Joint 3: 0 Joint 4: 0 Joint 5: 0 
Received joint positions: Joint 0: -0.336162 Joint 1: 1.97266 Joint 2: -1.42716 Joint 3: -1.27131 Joint 4: -0.336162 Joint 5: -3.14159 
Received joint velocities: Joint 0: 0 Joint 1: 0 Joint 2: 0 Joint 3: 0 Joint 4: 0 Joint 5: 0 
Received joint positions: Joint 0: -0.336162 Joint 1: 1.97266 Joint 2: -1.42716 Joint 3: -1.27131 Joint 4: -0.336162 Joint 5: -3.14159 
Received joint velocities: Joint 0: 0 Joint 1: 0 Joint 2: 0 Joint 3: 0 Joint 4: 0 Joint 5: 0 
Received joint positions: Joint 0: -0.336162 Joint 1: 1.97266 Joint 2: -1.42716 Joint 3: -1.27131 Joint 4: -0.336162 Joint 5: -3.14159 
Received joint velocities: Joint 0: 0 Joint 1: 0 Joint 2: 0 Joint 3: 0 Joint 4: 0 Joint 5: 0 
Received joint positions: Joint 0: -0.336162 Joint 1: 1.97266 Joint 2: -1.42716 Joint 3: -1.27131 Joint 4: -0.336162 Joint 5: -3.14159 
Received joint velocities: Joint 0: 0 Joint 1: 0 Joint 2: 0 Joint 3: 0 Joint 4: 0 Joint 5: 0 
Received joint positions: Joint 0: -0.336162 Joint 1: 1.97266 Joint 2: -1.42716 Joint 3: -1.27131 Joint 4: -0.336162 Joint 5: -3.14159 
Received joint velocities: Joint 0: 0 Joint 1: 0 Joint 2: 0 Joint 3: 0 Joint 4: 0 Joint 5: 0 
Received joint positions: Joint 0: -0.336162 Joint 1: 1.97266 Joint 2: -1.42716 Joint 3: -1.27131 Joint 4: -0.336162 Joint 5: -3.14159 
Received joint velocities: Joint 0: 0 Joint 1: 0 Joint 2: 0 Joint 3: 0 Joint 4: 0 Joint 5: 0 
Received joint positions: Joint 0: -0.336162 Joint 1: 1.97266 Joint 2: -1.42716 Joint 3: -1.27131 Joint 4: -0.336162 Joint 5: -3.14159 
Received joint velocities: Joint 0: 0 Joint 1: 0 Joint 2: 0 Joint 3: 0 Joint 4: 0 Joint 5: 0 
Received joint positions: Joint 0: -0.336162 Joint 1: 1.97266 Joint 2: -1.42716 Joint 3: -1.27131 Joint 4: -0.336162 Joint 5: -3.14159 
Received joint velocities: Joint 0: 0 Joint 1: 0 Joint 2: 0 Joint 3: 0 Joint 4: 0 Joint 5: 0 
Received joint positions: Joint 0: -0.368534 Joint 1: 1.98615 Joint 2: -1.44695 Joint 3: -1.29289 Joint 4: -0.368534 Joint 5: -3.14159 
Received joint velocities: Joint 0: 0 Joint 1: 0 Joint 2: 0 Joint 3: 0 Joint 4: 0 Joint 5: 0 
Received joint positions: Joint 0: -0.368534 Joint 1: 1.98615 Joint 2: -1.44695 Joint 3: -1.29289 Joint 4: -0.368534 Joint 5: -3.14159 
Received joint velocities: Joint 0: 0 Joint 1: 0 Joint 2: 0 Joint 3: 0 Joint 4: 0 Joint 5: 0 
Received joint positions: Joint 0: -0.368534 Joint 1: 1.98615 Joint 2: -1.44695 Joint 3: -1.29289 Joint 4: -0.368534 Joint 5: -3.14159 
Received joint velocities: Joint 0: 0 Joint 1: 0 Joint 2: 0 Joint 3: 0 Joint 4: 0 Joint 5: 0 
Received joint positions: Joint 0: -0.368534 Joint 1: 1.98615 Joint 2: -1.44695 Joint 3: -1.29289 Joint 4: -0.368534 Joint 5: -3.14159 
Received joint velocities: Joint 0: 0 Joint 1: 0 Joint 2: 0 Joint 3: 0 Joint 4: 0 Joint 5: 0 
Received joint positions: Joint 0: -0.368534 Joint 1: 1.98615 Joint 2: -1.44695 Joint 3: -1.29289 Joint 4: -0.368534 Joint 5: -3.14159 
Received joint velocities: Joint 0: 0 Joint 1: 0 Joint 2: 0 Joint 3: 0 Joint 4: 0 Joint 5: 0 
Received joint positions: Joint 0: -0.368534 Joint 1: 1.98615 Joint 2: -1.44695 Joint 3: -1.29289 Joint 4: -0.368534 Joint 5: -3.14159 
Received joint velocities: Joint 0: 0 Joint 1: 0 Joint 2: 0 Joint 3: 0 Joint 4: 0 Joint 5: 0 
Received joint positions: Joint 0: -0.368534 Joint 1: 1.98615 Joint 2: -1.44695 Joint 3: -1.29289 Joint 4: -0.368534 Joint 5: -3.14159 
Received joint velocities: Joint 0: 0 Joint 1: 0 Joint 2: 0 Joint 3: 0 Joint 4: 0 Joint 5: 0 
Received joint positions: Joint 0: -0.368534 Joint 1: 1.98615 Joint 2: -1.44695 Joint 3: -1.29289 Joint 4: -0.368534 Joint 5: -3.14159 
Received joint velocities: Joint 0: 0 Joint 1: 0 Joint 2: 0 Joint 3: 0 Joint 4: 0 Joint 5: 0 
Received joint positions: Joint 0: -0.368534 Joint 1: 1.98615 Joint 2: -1.44695 Joint 3: -1.29289 Joint 4: -0.368534 Joint 5: -3.14159 
Received joint velocities: Joint 0: 0 Joint 1: 0 Joint 2: 0 Joint 3: 0 Joint 4: 0 Joint 5: 0 
Received joint positions: Joint 0: -0.368534 Joint 1: 1.98615 Joint 2: -1.44695 Joint 3: -1.29289 Joint 4: -0.368534 Joint 5: -3.14159 
Received joint velocities: Joint 0: 0 Joint 1: 0 Joint 2: 0 Joint 3: 0 Joint 4: 0 Joint 5: 0 
Received joint positions: Joint 0: -0.399258 Joint 1: 1.99895 Joint 2: -1.46572 Joint 3: -1.31337 Joint 4: -0.399258 Joint 5: -3.14159 
Received joint velocities: Joint 0: 0 Joint 1: 0 Joint 2: 0 Joint 3: 0 Joint 4: 0 Joint 5: 0 
Received joint positions: Joint 0: -0.399258 Joint 1: 1.99895 Joint 2: -1.46572 Joint 3: -1.31337 Joint 4: -0.399258 Joint 5: -3.14159 
Received joint velocities: Joint 0: 0 Joint 1: 0 Joint 2: 0 Joint 3: 0 Joint 4: 0 Joint 5: 0 
Received joint positions: Joint 0: -0.399258 Joint 1: 1.99895 Joint 2: -1.46572 Joint 3: -1.31337 Joint 4: -0.399258 Joint 5: -3.14159 
Received joint velocities: Joint 0: 0 Joint 1: 0 Joint 2: 0 Joint 3: 0 Joint 4: 0 Joint 5: 0 
Received joint positions: Joint 0: -0.399258 Joint 1: 1.99895 Joint 2: -1.46572 Joint 3: -1.31337 Joint 4: -0.399258 Joint 5: -3.14159 
Received joint velocities: Joint 0: 0 Joint 1: 0 Joint 2: 0 Joint 3: 0 Joint 4: 0 Joint 5: 0 
Received joint positions: Joint 0: -0.399258 Joint 1: 1.99895 Joint 2: -1.46572 Joint 3: -1.31337 Joint 4: -0.399258 Joint 5: -3.14159 
Received joint velocities: Joint 0: 0 Joint 1: 0 Joint 2: 0 Joint 3: 0 Joint 4: 0 Joint 5: 0 
Received joint positions: Joint 0: -0.399258 Joint 1: 1.99895 Joint 2: -1.46572 Joint 3: -1.31337 Joint 4: -0.399258 Joint 5: -3.14159 
Received joint velocities: Joint 0: 0 Joint 1: 0 Joint 2: 0 Joint 3: 0 Joint 4: 0 Joint 5: 0 
Received joint positions: Joint 0: -0.399258 Joint 1: 1.99895 Joint 2: -1.46572 Joint 3: -1.31337 Joint 4: -0.399258 Joint 5: -3.14159 
Received joint velocities: Joint 0: 0 Joint 1: 0 Joint 2: 0 Joint 3: 0 Joint 4: 0 Joint 5: 0 
Received joint positions: Joint 0: -0.399258 Joint 1: 1.99895 Joint 2: -1.46572 Joint 3: -1.31337 Joint 4: -0.399258 Joint 5: -3.14159 
Received joint velocities: Joint 0: 0 Joint 1: 0 Joint 2: 0 Joint 3: 0 Joint 4: 0 Joint 5: 0 
Received joint positions: Joint 0: -0.399258 Joint 1: 1.99895 Joint 2: -1.46572 Joint 3: -1.31337 Joint 4: -0.399258 Joint 5: -3.14159 
Received joint velocities: Joint 0: 0 Joint 1: 0 Joint 2: 0 Joint 3: 0 Joint 4: 0 Joint 5: 0 
Received joint positions: Joint 0: -0.399258 Joint 1: 1.99895 Joint 2: -1.46572 Joint 3: -1.31337 Joint 4: -0.399258 Joint 5: -3.14159 
Received joint velocities: Joint 0: 0 Joint 1: 0 Joint 2: 0 Joint 3: 0 Joint 4: 0 Joint 5: 0 
Received joint positions: Joint 0: -0.432413 Joint 1: 2.01277 Joint 2: -1.48598 Joint 3: -1.33547 Joint 4: -0.432413 Joint 5: -3.14159 
Received joint velocities: Joint 0: 0 Joint 1: 0 Joint 2: 0 Joint 3: 0 Joint 4: 0 Joint 5: 0 
Received joint positions: Joint 0: -0.432413 Joint 1: 2.01277 Joint 2: -1.48598 Joint 3: -1.33547 Joint 4: -0.432413 Joint 5: -3.14159 
Received joint velocities: Joint 0: 0 Joint 1: 0 Joint 2: 0 Joint 3: 0 Joint 4: 0 Joint 5: 0 
Received joint positions: Joint 0: -0.432413 Joint 1: 2.01277 Joint 2: -1.48598 Joint 3: -1.33547 Joint 4: -0.432413 Joint 5: -3.14159 
Received joint velocities: Joint 0: 0 Joint 1: 0 Joint 2: 0 Joint 3: 0 Joint 4: 0 Joint 5: 0 
Received joint positions: Joint 0: -0.432413 Joint 1: 2.01277 Joint 2: -1.48598 Joint 3: -1.33547 Joint 4: -0.432413 Joint 5: -3.14159 
Received joint velocities: Joint 0: 0 Joint 1: 0 Joint 2: 0 Joint 3: 0 Joint 4: 0 Joint 5: 0 
Received joint positions: Joint 0: -0.432413 Joint 1: 2.01277 Joint 2: -1.48598 Joint 3: -1.33547 Joint 4: -0.432413 Joint 5: -3.14159 
Received joint velocities: Joint 0: 0 Joint 1: 0 Joint 2: 0 Joint 3: 0 Joint 4: 0 Joint 5: 0 
Received joint positions: Joint 0: -0.432413 Joint 1: 2.01277 Joint 2: -1.48598 Joint 3: -1.33547 Joint 4: -0.432413 Joint 5: -3.14159 
Received joint velocities: Joint 0: 0 Joint 1: 0 Joint 2: 0 Joint 3: 0 Joint 4: 0 Joint 5: 0 
Received joint positions: Joint 0: -0.432413 Joint 1: 2.01277 Joint 2: -1.48598 Joint 3: -1.33547 Joint 4: -0.432413 Joint 5: -3.14159 
Received joint velocities: Joint 0: 0 Joint 1: 0 Joint 2: 0 Joint 3: 0 Joint 4: 0 Joint 5: 0 
Received joint positions: Joint 0: -0.432413 Joint 1: 2.01277 Joint 2: -1.48598 Joint 3: -1.33547 Joint 4: -0.432413 Joint 5: -3.14159 
Received joint velocities: Joint 0: 0 Joint 1: 0 Joint 2: 0 Joint 3: 0 Joint 4: 0 Joint 5: 0 
Received joint positions: Joint 0: -0.432413 Joint 1: 2.01277 Joint 2: -1.48598 Joint 3: -1.33547 Joint 4: -0.432413 Joint 5: -3.14159 
Received joint velocities: Joint 0: 0 Joint 1: 0 Joint 2: 0 Joint 3: 0 Joint 4: 0 Joint 5: 0 
Received joint positions: Joint 0: -0.432413 Joint 1: 2.01277 Joint 2: -1.48598 Joint 3: -1.33547 Joint 4: -0.432413 Joint 5: -3.14159 
Received joint velocities: Joint 0: 0 Joint 1: 0 Joint 2: 0 Joint 3: 0 Joint 4: 0 Joint 5: 0 
Received joint positions: Joint 0: -0.467289 Joint 1: 2.0273 Joint 2: -1.5073 Joint 3: -1.35872 Joint 4: -0.467289 Joint 5: -3.14159 
Received joint velocities: Joint 0: 0 Joint 1: 0 Joint 2: 0 Joint 3: 0 Joint 4: 0 Joint 5: 0 
Received joint positions: Joint 0: -0.467289 Joint 1: 2.0273 Joint 2: -1.5073 Joint 3: -1.35872 Joint 4: -0.467289 Joint 5: -3.14159 
Received joint velocities: Joint 0: 0 Joint 1: 0 Joint 2: 0 Joint 3: 0 Joint 4: 0 Joint 5: 0 
Received joint positions: Joint 0: -0.467289 Joint 1: 2.0273 Joint 2: -1.5073 Joint 3: -1.35872 Joint 4: -0.467289 Joint 5: -3.14159 
Received joint velocities: Joint 0: 0 Joint 1: 0 Joint 2: 0 Joint 3: 0 Joint 4: 0 Joint 5: 0 
Received joint positions: Joint 0: -0.467289 Joint 1: 2.0273 Joint 2: -1.5073 Joint 3: -1.35872 Joint 4: -0.467289 Joint 5: -3.14159 
Received joint velocities: Joint 0: 0 Joint 1: 0 Joint 2: 0 Joint 3: 0 Joint 4: 0 Joint 5: 0 
Received joint positions: Joint 0: -0.467289 Joint 1: 2.0273 Joint 2: -1.5073 Joint 3: -1.35872 Joint 4: -0.467289 Joint 5: -3.14159 
Received joint velocities: Joint 0: 0 Joint 1: 0 Joint 2: 0 Joint 3: 0 Joint 4: 0 Joint 5: 0 
Received joint positions: Joint 0: -0.467289 Joint 1: 2.0273 Joint 2: -1.5073 Joint 3: -1.35872 Joint 4: -0.467289 Joint 5: -3.14159 
Received joint velocities: Joint 0: 0 Joint 1: 0 Joint 2: 0 Joint 3: 0 Joint 4: 0 Joint 5: 0 
Received joint positions: Joint 0: -0.467289 Joint 1: 2.0273 Joint 2: -1.5073 Joint 3: -1.35872 Joint 4: -0.467289 Joint 5: -3.14159 
Received joint velocities: Joint 0: 0 Joint 1: 0 Joint 2: 0 Joint 3: 0 Joint 4: 0 Joint 5: 0 
Received joint positions: Joint 0: -0.467289 Joint 1: 2.0273 Joint 2: -1.5073 Joint 3: -1.35872 Joint 4: -0.467289 Joint 5: -3.14159 
Received joint velocities: Joint 0: 0 Joint 1: 0 Joint 2: 0 Joint 3: 0 Joint 4: 0 Joint 5: 0 
Received joint positions: Joint 0: -0.467289 Joint 1: 2.0273 Joint 2: -1.5073 Joint 3: -1.35872 Joint 4: -0.467289 Joint 5: -3.14159 
Received joint velocities: Joint 0: 0 Joint 1: 0 Joint 2: 0 Joint 3: 0 Joint 4: 0 Joint 5: 0 
Received joint positions: Joint 0: -0.467289 Joint 1: 2.0273 Joint 2: -1.5073 Joint 3: -1.35872 Joint 4: -0.467289 Joint 5: -3.14159 
Received joint velocities: Joint 0: 0 Joint 1: 0 Joint 2: 0 Joint 3: 0 Joint 4: 0 Joint 5: 0 
Received joint positions: Joint 0: -0.50267 Joint 1: 2.04204 Joint 2: -1.52892 Joint 3: -1.38231 Joint 4: -0.50267 Joint 5: -3.14159 
Received joint velocities: Joint 0: 0 Joint 1: 0 Joint 2: 0 Joint 3: 0 Joint 4: 0 Joint 5: 0 
Received joint positions: Joint 0: -0.50267 Joint 1: 2.04204 Joint 2: -1.52892 Joint 3: -1.38231 Joint 4: -0.50267 Joint 5: -3.14159 
Received joint velocities: Joint 0: 0 Joint 1: 0 Joint 2: 0 Joint 3: 0 Joint 4: 0 Joint 5: 0 
Received joint positions: Joint 0: -0.50267 Joint 1: 2.04204 Joint 2: -1.52892 Joint 3: -1.38231 Joint 4: -0.50267 Joint 5: -3.14159 
Received joint velocities: Joint 0: 0 Joint 1: 0 Joint 2: 0 Joint 3: 0 Joint 4: 0 Joint 5: 0 
Received joint positions: Joint 0: -0.50267 Joint 1: 2.04204 Joint 2: -1.52892 Joint 3: -1.38231 Joint 4: -0.50267 Joint 5: -3.14159 
Received joint velocities: Joint 0: 0 Joint 1: 0 Joint 2: 0 Joint 3: 0 Joint 4: 0 Joint 5: 0 
Received joint positions: Joint 0: -0.50267 Joint 1: 2.04204 Joint 2: -1.52892 Joint 3: -1.38231 Joint 4: -0.50267 Joint 5: -3.14159 
Received joint velocities: Joint 0: 0 Joint 1: 0 Joint 2: 0 Joint 3: 0 Joint 4: 0 Joint 5: 0 
Received joint positions: Joint 0: -0.50267 Joint 1: 2.04204 Joint 2: -1.52892 Joint 3: -1.38231 Joint 4: -0.50267 Joint 5: -3.14159 
Received joint velocities: Joint 0: 0 Joint 1: 0 Joint 2: 0 Joint 3: 0 Joint 4: 0 Joint 5: 0 
Received joint positions: Joint 0: -0.50267 Joint 1: 2.04204 Joint 2: -1.52892 Joint 3: -1.38231 Joint 4: -0.50267 Joint 5: -3.14159 
Received joint velocities: Joint 0: 0 Joint 1: 0 Joint 2: 0 Joint 3: 0 Joint 4: 0 Joint 5: 0 
Received joint positions: Joint 0: -0.50267 Joint 1: 2.04204 Joint 2: -1.52892 Joint 3: -1.38231 Joint 4: -0.50267 Joint 5: -3.14159 
Received joint velocities: Joint 0: 0 Joint 1: 0 Joint 2: 0 Joint 3: 0 Joint 4: 0 Joint 5: 0 
Received joint positions: Joint 0: -0.50267 Joint 1: 2.04204 Joint 2: -1.52892 Joint 3: -1.38231 Joint 4: -0.50267 Joint 5: -3.14159 
Received joint velocities: Joint 0: 0 Joint 1: 0 Joint 2: 0 Joint 3: 0 Joint 4: 0 Joint 5: 0 
Received joint positions: Joint 0: -0.50267 Joint 1: 2.04204 Joint 2: -1.52892 Joint 3: -1.38231 Joint 4: -0.50267 Joint 5: -3.14159 
Received joint velocities: Joint 0: 0 Joint 1: 0 Joint 2: 0 Joint 3: 0 Joint 4: 0 Joint 5: 0 
Received joint positions: Joint 0: -0.539327 Joint 1: 2.05732 Joint 2: -1.55132 Joint 3: -1.40675 Joint 4: -0.539327 Joint 5: -3.14159 
Received joint velocities: Joint 0: 0 Joint 1: 0 Joint 2: 0 Joint 3: 0 Joint 4: 0 Joint 5: 0 
Received joint positions: Joint 0: -0.539327 Joint 1: 2.05732 Joint 2: -1.55132 Joint 3: -1.40675 Joint 4: -0.539327 Joint 5: -3.14159 
Received joint velocities: Joint 0: 0 Joint 1: 0 Joint 2: 0 Joint 3: 0 Joint 4: 0 Joint 5: 0 
Received joint positions: Joint 0: -0.539327 Joint 1: 2.05732 Joint 2: -1.55132 Joint 3: -1.40675 Joint 4: -0.539327 Joint 5: -3.14159 
Received joint velocities: Joint 0: 0 Joint 1: 0 Joint 2: 0 Joint 3: 0 Joint 4: 0 Joint 5: 0 
Received joint positions: Joint 0: -0.539327 Joint 1: 2.05732 Joint 2: -1.55132 Joint 3: -1.40675 Joint 4: -0.539327 Joint 5: -3.14159 
Received joint velocities: Joint 0: 0 Joint 1: 0 Joint 2: 0 Joint 3: 0 Joint 4: 0 Joint 5: 0 
Received joint positions: Joint 0: -0.539327 Joint 1: 2.05732 Joint 2: -1.55132 Joint 3: -1.40675 Joint 4: -0.539327 Joint 5: -3.14159 
Received joint velocities: Joint 0: 0 Joint 1: 0 Joint 2: 0 Joint 3: 0 Joint 4: 0 Joint 5: 0 
Received joint positions: Joint 0: -0.539327 Joint 1: 2.05732 Joint 2: -1.55132 Joint 3: -1.40675 Joint 4: -0.539327 Joint 5: -3.14159 
Received joint velocities: Joint 0: 0 Joint 1: 0 Joint 2: 0 Joint 3: 0 Joint 4: 0 Joint 5: 0 
Received joint positions: Joint 0: -0.539327 Joint 1: 2.05732 Joint 2: -1.55132 Joint 3: -1.40675 Joint 4: -0.539327 Joint 5: -3.14159 
Received joint velocities: Joint 0: 0 Joint 1: 0 Joint 2: 0 Joint 3: 0 Joint 4: 0 Joint 5: 0 
Received joint positions: Joint 0: -0.539327 Joint 1: 2.05732 Joint 2: -1.55132 Joint 3: -1.40675 Joint 4: -0.539327 Joint 5: -3.14159 
Received joint velocities: Joint 0: 0 Joint 1: 0 Joint 2: 0 Joint 3: 0 Joint 4: 0 Joint 5: 0 
Received joint positions: Joint 0: -0.539327 Joint 1: 2.05732 Joint 2: -1.55132 Joint 3: -1.40675 Joint 4: -0.539327 Joint 5: -3.14159 
Received joint velocities: Joint 0: 0 Joint 1: 0 Joint 2: 0 Joint 3: 0 Joint 4: 0 Joint 5: 0 
Received joint positions: Joint 0: -0.539327 Joint 1: 2.05732 Joint 2: -1.55132 Joint 3: -1.40675 Joint 4: -0.539327 Joint 5: -3.14159 
Received joint velocities: Joint 0: 0 Joint 1: 0 Joint 2: 0 Joint 3: 0 Joint 4: 0 Joint 5: 0 
Received joint positions: Joint 0: -0.577038 Joint 1: 2.07303 Joint 2: -1.57436 Joint 3: -1.43189 Joint 4: -0.577038 Joint 5: -3.14159 
Received joint velocities: Joint 0: 0 Joint 1: 0 Joint 2: 0 Joint 3: 0 Joint 4: 0 Joint 5: 0 
Received joint positions: Joint 0: -0.577038 Joint 1: 2.07303 Joint 2: -1.57436 Joint 3: -1.43189 Joint 4: -0.577038 Joint 5: -3.14159 
Received joint velocities: Joint 0: 0 Joint 1: 0 Joint 2: 0 Joint 3: 0 Joint 4: 0 Joint 5: 0 
Received joint positions: Joint 0: -0.577038 Joint 1: 2.07303 Joint 2: -1.57436 Joint 3: -1.43189 Joint 4: -0.577038 Joint 5: -3.14159 
Received joint velocities: Joint 0: 0 Joint 1: 0 Joint 2: 0 Joint 3: 0 Joint 4: 0 Joint 5: 0 
Received joint positions: Joint 0: -0.577038 Joint 1: 2.07303 Joint 2: -1.57436 Joint 3: -1.43189 Joint 4: -0.577038 Joint 5: -3.14159 
Received joint velocities: Joint 0: 0 Joint 1: 0 Joint 2: 0 Joint 3: 0 Joint 4: 0 Joint 5: 0 
Received joint positions: Joint 0: -0.577038 Joint 1: 2.07303 Joint 2: -1.57436 Joint 3: -1.43189 Joint 4: -0.577038 Joint 5: -3.14159 
Received joint velocities: Joint 0: 0 Joint 1: 0 Joint 2: 0 Joint 3: 0 Joint 4: 0 Joint 5: 0 
Received joint positions: Joint 0: -0.577038 Joint 1: 2.07303 Joint 2: -1.57436 Joint 3: -1.43189 Joint 4: -0.577038 Joint 5: -3.14159 
Received joint velocities: Joint 0: 0 Joint 1: 0 Joint 2: 0 Joint 3: 0 Joint 4: 0 Joint 5: 0 
Received joint positions: Joint 0: -0.577038 Joint 1: 2.07303 Joint 2: -1.57436 Joint 3: -1.43189 Joint 4: -0.577038 Joint 5: -3.14159 
Received joint velocities: Joint 0: 0 Joint 1: 0 Joint 2: 0 Joint 3: 0 Joint 4: 0 Joint 5: 0 
Received joint positions: Joint 0: -0.577038 Joint 1: 2.07303 Joint 2: -1.57436 Joint 3: -1.43189 Joint 4: -0.577038 Joint 5: -3.14159 
Received joint velocities: Joint 0: 0 Joint 1: 0 Joint 2: 0 Joint 3: 0 Joint 4: 0 Joint 5: 0 
Received joint positions: Joint 0: -0.577038 Joint 1: 2.07303 Joint 2: -1.57436 Joint 3: -1.43189 Joint 4: -0.577038 Joint 5: -3.14159 
Received joint velocities: Joint 0: 0 Joint 1: 0 Joint 2: 0 Joint 3: 0 Joint 4: 0 Joint 5: 0 
Received joint positions: Joint 0: -0.577038 Joint 1: 2.07303 Joint 2: -1.57436 Joint 3: -1.43189 Joint 4: -0.577038 Joint 5: -3.14159 
Received joint velocities: Joint 0: 0 Joint 1: 0 Joint 2: 0 Joint 3: 0 Joint 4: 0 Joint 5: 0 
Received joint positions: Joint 0: -0.616698 Joint 1: 2.08955 Joint 2: -1.5986 Joint 3: -1.45833 Joint 4: -0.616698 Joint 5: -3.14159 
Received joint velocities: Joint 0: 0 Joint 1: 0 Joint 2: 0 Joint 3: 0 Joint 4: 0 Joint 5: 0 
Received joint positions: Joint 0: -0.616698 Joint 1: 2.08955 Joint 2: -1.5986 Joint 3: -1.45833 Joint 4: -0.616698 Joint 5: -3.14159 
Received joint velocities: Joint 0: 0 Joint 1: 0 Joint 2: 0 Joint 3: 0 Joint 4: 0 Joint 5: 0 
Received joint positions: Joint 0: -0.616698 Joint 1: 2.08955 Joint 2: -1.5986 Joint 3: -1.45833 Joint 4: -0.616698 Joint 5: -3.14159 
Received joint velocities: Joint 0: 0 Joint 1: 0 Joint 2: 0 Joint 3: 0 Joint 4: 0 Joint 5: 0 
Received joint positions: Joint 0: -0.616698 Joint 1: 2.08955 Joint 2: -1.5986 Joint 3: -1.45833 Joint 4: -0.616698 Joint 5: -3.14159 
Received joint velocities: Joint 0: 0 Joint 1: 0 Joint 2: 0 Joint 3: 0 Joint 4: 0 Joint 5: 0 
Received joint positions: Joint 0: -0.616698 Joint 1: 2.08955 Joint 2: -1.5986 Joint 3: -1.45833 Joint 4: -0.616698 Joint 5: -3.14159 
Received joint velocities: Joint 0: 0 Joint 1: 0 Joint 2: 0 Joint 3: 0 Joint 4: 0 Joint 5: 0 
Received joint positions: Joint 0: -0.616698 Joint 1: 2.08955 Joint 2: -1.5986 Joint 3: -1.45833 Joint 4: -0.616698 Joint 5: -3.14159 
Received joint velocities: Joint 0: 0 Joint 1: 0 Joint 2: 0 Joint 3: 0 Joint 4: 0 Joint 5: 0 
Received joint positions: Joint 0: -0.616698 Joint 1: 2.08955 Joint 2: -1.5986 Joint 3: -1.45833 Joint 4: -0.616698 Joint 5: -3.14159 
Received joint velocities: Joint 0: 0 Joint 1: 0 Joint 2: 0 Joint 3: 0 Joint 4: 0 Joint 5: 0 
Received joint positions: Joint 0: -0.616698 Joint 1: 2.08955 Joint 2: -1.5986 Joint 3: -1.45833 Joint 4: -0.616698 Joint 5: -3.14159 
Received joint velocities: Joint 0: 0 Joint 1: 0 Joint 2: 0 Joint 3: 0 Joint 4: 0 Joint 5: 0 
Received joint positions: Joint 0: -0.616698 Joint 1: 2.08955 Joint 2: -1.5986 Joint 3: -1.45833 Joint 4: -0.616698 Joint 5: -3.14159 
Received joint velocities: Joint 0: 0 Joint 1: 0 Joint 2: 0 Joint 3: 0 Joint 4: 0 Joint 5: 0 
Received joint positions: Joint 0: -0.616698 Joint 1: 2.08955 Joint 2: -1.5986 Joint 3: -1.45833 Joint 4: -0.616698 Joint 5: -3.14159 
Received joint velocities: Joint 0: 0 Joint 1: 0 Joint 2: 0 Joint 3: 0 Joint 4: 0 Joint 5: 0 
Received joint positions: Joint 0: -0.655435 Joint 1: 2.10569 Joint 2: -1.62227 Joint 3: -1.48415 Joint 4: -0.655435 Joint 5: -3.14159 
Received joint velocities: Joint 0: 0 Joint 1: 0 Joint 2: 0 Joint 3: 0 Joint 4: 0 Joint 5: 0 
Received joint positions: Joint 0: -0.655435 Joint 1: 2.10569 Joint 2: -1.62227 Joint 3: -1.48415 Joint 4: -0.655435 Joint 5: -3.14159 
Received joint velocities: Joint 0: 0 Joint 1: 0 Joint 2: 0 Joint 3: 0 Joint 4: 0 Joint 5: 0 
Received joint positions: Joint 0: -0.655435 Joint 1: 2.10569 Joint 2: -1.62227 Joint 3: -1.48415 Joint 4: -0.655435 Joint 5: -3.14159 
Received joint velocities: Joint 0: 0 Joint 1: 0 Joint 2: 0 Joint 3: 0 Joint 4: 0 Joint 5: 0 
Received joint positions: Joint 0: -0.655435 Joint 1: 2.10569 Joint 2: -1.62227 Joint 3: -1.48415 Joint 4: -0.655435 Joint 5: -3.14159 
Received joint velocities: Joint 0: 0 Joint 1: 0 Joint 2: 0 Joint 3: 0 Joint 4: 0 Joint 5: 0 
Received joint positions: Joint 0: -0.655435 Joint 1: 2.10569 Joint 2: -1.62227 Joint 3: -1.48415 Joint 4: -0.655435 Joint 5: -3.14159 
Received joint velocities: Joint 0: 0 Joint 1: 0 Joint 2: 0 Joint 3: 0 Joint 4: 0 Joint 5: 0 
Received joint positions: Joint 0: -0.655435 Joint 1: 2.10569 Joint 2: -1.62227 Joint 3: -1.48415 Joint 4: -0.655435 Joint 5: -3.14159 
Received joint velocities: Joint 0: 0 Joint 1: 0 Joint 2: 0 Joint 3: 0 Joint 4: 0 Joint 5: 0 
Received joint positions: Joint 0: -0.655435 Joint 1: 2.10569 Joint 2: -1.62227 Joint 3: -1.48415 Joint 4: -0.655435 Joint 5: -3.14159 
Received joint velocities: Joint 0: 0 Joint 1: 0 Joint 2: 0 Joint 3: 0 Joint 4: 0 Joint 5: 0 
Received joint positions: Joint 0: -0.655435 Joint 1: 2.10569 Joint 2: -1.62227 Joint 3: -1.48415 Joint 4: -0.655435 Joint 5: -3.14159 
Received joint velocities: Joint 0: 0 Joint 1: 0 Joint 2: 0 Joint 3: 0 Joint 4: 0 Joint 5: 0 
Received joint positions: Joint 0: -0.655435 Joint 1: 2.10569 Joint 2: -1.62227 Joint 3: -1.48415 Joint 4: -0.655435 Joint 5: -3.14159 
Received joint velocities: Joint 0: 0 Joint 1: 0 Joint 2: 0 Joint 3: 0 Joint 4: 0 Joint 5: 0 
Received joint positions: Joint 0: -0.655435 Joint 1: 2.10569 Joint 2: -1.62227 Joint 3: -1.48415 Joint 4: -0.655435 Joint 5: -3.14159 
Received joint velocities: Joint 0: 0 Joint 1: 0 Joint 2: 0 Joint 3: 0 Joint 4: 0 Joint 5: 0 
Received joint positions: Joint 0: -0.696253 Joint 1: 2.1227 Joint 2: -1.64722 Joint 3: -1.51137 Joint 4: -0.696253 Joint 5: -3.14159 
Received joint velocities: Joint 0: 0 Joint 1: 0 Joint 2: 0 Joint 3: 0 Joint 4: 0 Joint 5: 0 
Received joint positions: Joint 0: -0.696253 Joint 1: 2.1227 Joint 2: -1.64722 Joint 3: -1.51137 Joint 4: -0.696253 Joint 5: -3.14159 
Received joint velocities: Joint 0: 0 Joint 1: 0 Joint 2: 0 Joint 3: 0 Joint 4: 0 Joint 5: 0 
Received joint positions: Joint 0: -0.696253 Joint 1: 2.1227 Joint 2: -1.64722 Joint 3: -1.51137 Joint 4: -0.696253 Joint 5: -3.14159 
Received joint velocities: Joint 0: 0 Joint 1: 0 Joint 2: 0 Joint 3: 0 Joint 4: 0 Joint 5: 0 
Received joint positions: Joint 0: -0.696253 Joint 1: 2.1227 Joint 2: -1.64722 Joint 3: -1.51137 Joint 4: -0.696253 Joint 5: -3.14159 
Received joint velocities: Joint 0: 0 Joint 1: 0 Joint 2: 0 Joint 3: 0 Joint 4: 0 Joint 5: 0 
Received joint positions: Joint 0: -0.696253 Joint 1: 2.1227 Joint 2: -1.64722 Joint 3: -1.51137 Joint 4: -0.696253 Joint 5: -3.14159 
Received joint velocities: Joint 0: 0 Joint 1: 0 Joint 2: 0 Joint 3: 0 Joint 4: 0 Joint 5: 0 
Received joint positions: Joint 0: -0.696253 Joint 1: 2.1227 Joint 2: -1.64722 Joint 3: -1.51137 Joint 4: -0.696253 Joint 5: -3.14159 
Received joint velocities: Joint 0: 0 Joint 1: 0 Joint 2: 0 Joint 3: 0 Joint 4: 0 Joint 5: 0 
Received joint positions: Joint 0: -0.696253 Joint 1: 2.1227 Joint 2: -1.64722 Joint 3: -1.51137 Joint 4: -0.696253 Joint 5: -3.14159 
Received joint velocities: Joint 0: 0 Joint 1: 0 Joint 2: 0 Joint 3: 0 Joint 4: 0 Joint 5: 0 
Received joint positions: Joint 0: -0.696253 Joint 1: 2.1227 Joint 2: -1.64722 Joint 3: -1.51137 Joint 4: -0.696253 Joint 5: -3.14159 
Received joint velocities: Joint 0: 0 Joint 1: 0 Joint 2: 0 Joint 3: 0 Joint 4: 0 Joint 5: 0 
Received joint positions: Joint 0: -0.696253 Joint 1: 2.1227 Joint 2: -1.64722 Joint 3: -1.51137 Joint 4: -0.696253 Joint 5: -3.14159 
Received joint velocities: Joint 0: 0 Joint 1: 0 Joint 2: 0 Joint 3: 0 Joint 4: 0 Joint 5: 0 
Received joint positions: Joint 0: -0.696253 Joint 1: 2.1227 Joint 2: -1.64722 Joint 3: -1.51137 Joint 4: -0.696253 Joint 5: -3.14159 
Received joint velocities: Joint 0: 0 Joint 1: 0 Joint 2: 0 Joint 3: 0 Joint 4: 0 Joint 5: 0 
Received joint positions: Joint 0: -0.737322 Joint 1: 2.13981 Joint 2: -1.67232 Joint 3: -1.53875 Joint 4: -0.737322 Joint 5: -3.14159 
Received joint velocities: Joint 0: 0 Joint 1: 0 Joint 2: 0 Joint 3: 0 Joint 4: 0 Joint 5: 0 
Received joint positions: Joint 0: -0.737322 Joint 1: 2.13981 Joint 2: -1.67232 Joint 3: -1.53875 Joint 4: -0.737322 Joint 5: -3.14159 
Received joint velocities: Joint 0: 0 Joint 1: 0 Joint 2: 0 Joint 3: 0 Joint 4: 0 Joint 5: 0 
Received joint positions: Joint 0: -0.737322 Joint 1: 2.13981 Joint 2: -1.67232 Joint 3: -1.53875 Joint 4: -0.737322 Joint 5: -3.14159 
Received joint velocities: Joint 0: 0 Joint 1: 0 Joint 2: 0 Joint 3: 0 Joint 4: 0 Joint 5: 0 
Received joint positions: Joint 0: -0.737322 Joint 1: 2.13981 Joint 2: -1.67232 Joint 3: -1.53875 Joint 4: -0.737322 Joint 5: -3.14159 
Received joint velocities: Joint 0: 0 Joint 1: 0 Joint 2: 0 Joint 3: 0 Joint 4: 0 Joint 5: 0 
Received joint positions: Joint 0: -0.737322 Joint 1: 2.13981 Joint 2: -1.67232 Joint 3: -1.53875 Joint 4: -0.737322 Joint 5: -3.14159 
Received joint velocities: Joint 0: 0 Joint 1: 0 Joint 2: 0 Joint 3: 0 Joint 4: 0 Joint 5: 0 
Received joint positions: Joint 0: -0.737322 Joint 1: 2.13981 Joint 2: -1.67232 Joint 3: -1.53875 Joint 4: -0.737322 Joint 5: -3.14159 
Received joint velocities: Joint 0: 0 Joint 1: 0 Joint 2: 0 Joint 3: 0 Joint 4: 0 Joint 5: 0 
Received joint positions: Joint 0: -0.737322 Joint 1: 2.13981 Joint 2: -1.67232 Joint 3: -1.53875 Joint 4: -0.737322 Joint 5: -3.14159 
Received joint velocities: Joint 0: 0 Joint 1: 0 Joint 2: 0 Joint 3: 0 Joint 4: 0 Joint 5: 0 
Received joint positions: Joint 0: -0.737322 Joint 1: 2.13981 Joint 2: -1.67232 Joint 3: -1.53875 Joint 4: -0.737322 Joint 5: -3.14159 
Received joint velocities: Joint 0: 0 Joint 1: 0 Joint 2: 0 Joint 3: 0 Joint 4: 0 Joint 5: 0 
Received joint positions: Joint 0: -0.737322 Joint 1: 2.13981 Joint 2: -1.67232 Joint 3: -1.53875 Joint 4: -0.737322 Joint 5: -3.14159 
Received joint velocities: Joint 0: 0 Joint 1: 0 Joint 2: 0 Joint 3: 0 Joint 4: 0 Joint 5: 0 
Received joint positions: Joint 0: -0.737322 Joint 1: 2.13981 Joint 2: -1.67232 Joint 3: -1.53875 Joint 4: -0.737322 Joint 5: -3.14159 
Received joint velocities: Joint 0: 0 Joint 1: 0 Joint 2: 0 Joint 3: 0 Joint 4: 0 Joint 5: 0 
Received joint positions: Joint 0: -0.779552 Joint 1: 2.15741 Joint 2: -1.69812 Joint 3: -1.5669 Joint 4: -0.779552 Joint 5: -3.14159 
Received joint velocities: Joint 0: 0 Joint 1: 0 Joint 2: 0 Joint 3: 0 Joint 4: 0 Joint 5: 0 
Received joint positions: Joint 0: -0.779552 Joint 1: 2.15741 Joint 2: -1.69812 Joint 3: -1.5669 Joint 4: -0.779552 Joint 5: -3.14159 
Received joint velocities: Joint 0: 0 Joint 1: 0 Joint 2: 0 Joint 3: 0 Joint 4: 0 Joint 5: 0 
Received joint positions: Joint 0: -0.779552 Joint 1: 2.15741 Joint 2: -1.69812 Joint 3: -1.5669 Joint 4: -0.779552 Joint 5: -3.14159 
Received joint velocities: Joint 0: 0 Joint 1: 0 Joint 2: 0 Joint 3: 0 Joint 4: 0 Joint 5: 0 
Received joint positions: Joint 0: -0.779552 Joint 1: 2.15741 Joint 2: -1.69812 Joint 3: -1.5669 Joint 4: -0.779552 Joint 5: -3.14159 
Received joint velocities: Joint 0: 0 Joint 1: 0 Joint 2: 0 Joint 3: 0 Joint 4: 0 Joint 5: 0 
Received joint positions: Joint 0: -0.779552 Joint 1: 2.15741 Joint 2: -1.69812 Joint 3: -1.5669 Joint 4: -0.779552 Joint 5: -3.14159 
Received joint velocities: Joint 0: 0 Joint 1: 0 Joint 2: 0 Joint 3: 0 Joint 4: 0 Joint 5: 0 
Received joint positions: Joint 0: -0.779552 Joint 1: 2.15741 Joint 2: -1.69812 Joint 3: -1.5669 Joint 4: -0.779552 Joint 5: -3.14159 
Received joint velocities: Joint 0: 0 Joint 1: 0 Joint 2: 0 Joint 3: 0 Joint 4: 0 Joint 5: 0 
Received joint positions: Joint 0: -0.779552 Joint 1: 2.15741 Joint 2: -1.69812 Joint 3: -1.5669 Joint 4: -0.779552 Joint 5: -3.14159 
Received joint velocities: Joint 0: 0 Joint 1: 0 Joint 2: 0 Joint 3: 0 Joint 4: 0 Joint 5: 0 
Received joint positions: Joint 0: -0.779552 Joint 1: 2.15741 Joint 2: -1.69812 Joint 3: -1.5669 Joint 4: -0.779552 Joint 5: -3.14159 
Received joint velocities: Joint 0: 0 Joint 1: 0 Joint 2: 0 Joint 3: 0 Joint 4: 0 Joint 5: 0 
Received joint positions: Joint 0: -0.779552 Joint 1: 2.15741 Joint 2: -1.69812 Joint 3: -1.5669 Joint 4: -0.779552 Joint 5: -3.14159 
Received joint velocities: Joint 0: 0 Joint 1: 0 Joint 2: 0 Joint 3: 0 Joint 4: 0 Joint 5: 0 
Received joint positions: Joint 0: -0.779552 Joint 1: 2.15741 Joint 2: -1.69812 Joint 3: -1.5669 Joint 4: -0.779552 Joint 5: -3.14159 
Received joint velocities: Joint 0: 0 Joint 1: 0 Joint 2: 0 Joint 3: 0 Joint 4: 0 Joint 5: 0 
Received joint positions: Joint 0: -0.822574 Joint 1: 2.17533 Joint 2: -1.72441 Joint 3: -1.59558 Joint 4: -0.822574 Joint 5: -3.14159 
Received joint velocities: Joint 0: 0 Joint 1: 0 Joint 2: 0 Joint 3: 0 Joint 4: 0 Joint 5: 0 
Received joint positions: Joint 0: -0.822574 Joint 1: 2.17533 Joint 2: -1.72441 Joint 3: -1.59558 Joint 4: -0.822574 Joint 5: -3.14159 
Received joint velocities: Joint 0: 0 Joint 1: 0 Joint 2: 0 Joint 3: 0 Joint 4: 0 Joint 5: 0 
Received joint positions: Joint 0: -0.822574 Joint 1: 2.17533 Joint 2: -1.72441 Joint 3: -1.59558 Joint 4: -0.822574 Joint 5: -3.14159 
Received joint velocities: Joint 0: 0 Joint 1: 0 Joint 2: 0 Joint 3: 0 Joint 4: 0 Joint 5: 0 
Received joint positions: Joint 0: -0.822574 Joint 1: 2.17533 Joint 2: -1.72441 Joint 3: -1.59558 Joint 4: -0.822574 Joint 5: -3.14159 
Received joint velocities: Joint 0: 0 Joint 1: 0 Joint 2: 0 Joint 3: 0 Joint 4: 0 Joint 5: 0 
Received joint positions: Joint 0: -0.822574 Joint 1: 2.17533 Joint 2: -1.72441 Joint 3: -1.59558 Joint 4: -0.822574 Joint 5: -3.14159 
Received joint velocities: Joint 0: 0 Joint 1: 0 Joint 2: 0 Joint 3: 0 Joint 4: 0 Joint 5: 0 
Received joint positions: Joint 0: -0.822574 Joint 1: 2.17533 Joint 2: -1.72441 Joint 3: -1.59558 Joint 4: -0.822574 Joint 5: -3.14159 
Received joint velocities: Joint 0: 0 Joint 1: 0 Joint 2: 0 Joint 3: 0 Joint 4: 0 Joint 5: 0 
Received joint positions: Joint 0: -0.822574 Joint 1: 2.17533 Joint 2: -1.72441 Joint 3: -1.59558 Joint 4: -0.822574 Joint 5: -3.14159 
Received joint velocities: Joint 0: 0 Joint 1: 0 Joint 2: 0 Joint 3: 0 Joint 4: 0 Joint 5: 0 
Received joint positions: Joint 0: -0.822574 Joint 1: 2.17533 Joint 2: -1.72441 Joint 3: -1.59558 Joint 4: -0.822574 Joint 5: -3.14159 
Received joint velocities: Joint 0: 0 Joint 1: 0 Joint 2: 0 Joint 3: 0 Joint 4: 0 Joint 5: 0 
Received joint positions: Joint 0: -0.822574 Joint 1: 2.17533 Joint 2: -1.72441 Joint 3: -1.59558 Joint 4: -0.822574 Joint 5: -3.14159 
Received joint velocities: Joint 0: 0 Joint 1: 0 Joint 2: 0 Joint 3: 0 Joint 4: 0 Joint 5: 0 
Received joint positions: Joint 0: -0.822574 Joint 1: 2.17533 Joint 2: -1.72441 Joint 3: -1.59558 Joint 4: -0.822574 Joint 5: -3.14159 
Received joint velocities: Joint 0: 0 Joint 1: 0 Joint 2: 0 Joint 3: 0 Joint 4: 0 Joint 5: 0 
Received joint positions: Joint 0: -0.866307 Joint 1: 2.19356 Joint 2: -1.75114 Joint 3: -1.62474 Joint 4: -0.866307 Joint 5: -3.14159 
Received joint velocities: Joint 0: 0 Joint 1: 0 Joint 2: 0 Joint 3: 0 Joint 4: 0 Joint 5: 0 
Received joint positions: Joint 0: -0.866307 Joint 1: 2.19356 Joint 2: -1.75114 Joint 3: -1.62474 Joint 4: -0.866307 Joint 5: -3.14159 
Received joint velocities: Joint 0: 0 Joint 1: 0 Joint 2: 0 Joint 3: 0 Joint 4: 0 Joint 5: 0 
Received joint positions: Joint 0: -0.866307 Joint 1: 2.19356 Joint 2: -1.75114 Joint 3: -1.62474 Joint 4: -0.866307 Joint 5: -3.14159 
Received joint velocities: Joint 0: 0 Joint 1: 0 Joint 2: 0 Joint 3: 0 Joint 4: 0 Joint 5: 0 
Received joint positions: Joint 0: -0.866307 Joint 1: 2.19356 Joint 2: -1.75114 Joint 3: -1.62474 Joint 4: -0.866307 Joint 5: -3.14159 
Received joint velocities: Joint 0: 0 Joint 1: 0 Joint 2: 0 Joint 3: 0 Joint 4: 0 Joint 5: 0 
Received joint positions: Joint 0: -0.866307 Joint 1: 2.19356 Joint 2: -1.75114 Joint 3: -1.62474 Joint 4: -0.866307 Joint 5: -3.14159 
Received joint velocities: Joint 0: 0 Joint 1: 0 Joint 2: 0 Joint 3: 0 Joint 4: 0 Joint 5: 0 
Received joint positions: Joint 0: -0.866307 Joint 1: 2.19356 Joint 2: -1.75114 Joint 3: -1.62474 Joint 4: -0.866307 Joint 5: -3.14159 
Received joint velocities: Joint 0: 0 Joint 1: 0 Joint 2: 0 Joint 3: 0 Joint 4: 0 Joint 5: 0 
Received joint positions: Joint 0: -0.866307 Joint 1: 2.19356 Joint 2: -1.75114 Joint 3: -1.62474 Joint 4: -0.866307 Joint 5: -3.14159 
Received joint velocities: Joint 0: 0 Joint 1: 0 Joint 2: 0 Joint 3: 0 Joint 4: 0 Joint 5: 0 
Received joint positions: Joint 0: -0.866307 Joint 1: 2.19356 Joint 2: -1.75114 Joint 3: -1.62474 Joint 4: -0.866307 Joint 5: -3.14159 
Received joint velocities: Joint 0: 0 Joint 1: 0 Joint 2: 0 Joint 3: 0 Joint 4: 0 Joint 5: 0 
Received joint positions: Joint 0: -0.866307 Joint 1: 2.19356 Joint 2: -1.75114 Joint 3: -1.62474 Joint 4: -0.866307 Joint 5: -3.14159 
Received joint velocities: Joint 0: 0 Joint 1: 0 Joint 2: 0 Joint 3: 0 Joint 4: 0 Joint 5: 0 
Received joint positions: Joint 0: -0.866307 Joint 1: 2.19356 Joint 2: -1.75114 Joint 3: -1.62474 Joint 4: -0.866307 Joint 5: -3.14159 
Received joint velocities: Joint 0: 0 Joint 1: 0 Joint 2: 0 Joint 3: 0 Joint 4: 0 Joint 5: 0 
Received joint positions: Joint 0: -0.910742 Joint 1: 2.21207 Joint 2: -1.7783 Joint 3: -1.65436 Joint 4: -0.910742 Joint 5: -3.14159 
Received joint velocities: Joint 0: 0 Joint 1: 0 Joint 2: 0 Joint 3: 0 Joint 4: 0 Joint 5: 0 
Received joint positions: Joint 0: -0.910742 Joint 1: 2.21207 Joint 2: -1.7783 Joint 3: -1.65436 Joint 4: -0.910742 Joint 5: -3.14159 
Received joint velocities: Joint 0: 0 Joint 1: 0 Joint 2: 0 Joint 3: 0 Joint 4: 0 Joint 5: 0 
Received joint positions: Joint 0: -0.910742 Joint 1: 2.21207 Joint 2: -1.7783 Joint 3: -1.65436 Joint 4: -0.910742 Joint 5: -3.14159 
Received joint velocities: Joint 0: 0 Joint 1: 0 Joint 2: 0 Joint 3: 0 Joint 4: 0 Joint 5: 0 
Received joint positions: Joint 0: -0.910742 Joint 1: 2.21207 Joint 2: -1.7783 Joint 3: -1.65436 Joint 4: -0.910742 Joint 5: -3.14159 
Received joint velocities: Joint 0: 0 Joint 1: 0 Joint 2: 0 Joint 3: 0 Joint 4: 0 Joint 5: 0 
Received joint positions: Joint 0: -0.910742 Joint 1: 2.21207 Joint 2: -1.7783 Joint 3: -1.65436 Joint 4: -0.910742 Joint 5: -3.14159 
Received joint velocities: Joint 0: 0 Joint 1: 0 Joint 2: 0 Joint 3: 0 Joint 4: 0 Joint 5: 0 
Received joint positions: Joint 0: -0.910742 Joint 1: 2.21207 Joint 2: -1.7783 Joint 3: -1.65436 Joint 4: -0.910742 Joint 5: -3.14159 
Received joint velocities: Joint 0: 0 Joint 1: 0 Joint 2: 0 Joint 3: 0 Joint 4: 0 Joint 5: 0 
Received joint positions: Joint 0: -0.910742 Joint 1: 2.21207 Joint 2: -1.7783 Joint 3: -1.65436 Joint 4: -0.910742 Joint 5: -3.14159 
Received joint velocities: Joint 0: 0 Joint 1: 0 Joint 2: 0 Joint 3: 0 Joint 4: 0 Joint 5: 0 
Received joint positions: Joint 0: -0.910742 Joint 1: 2.21207 Joint 2: -1.7783 Joint 3: -1.65436 Joint 4: -0.910742 Joint 5: -3.14159 
Received joint velocities: Joint 0: 0 Joint 1: 0 Joint 2: 0 Joint 3: 0 Joint 4: 0 Joint 5: 0 
Received joint positions: Joint 0: -0.910742 Joint 1: 2.21207 Joint 2: -1.7783 Joint 3: -1.65436 Joint 4: -0.910742 Joint 5: -3.14159 
Received joint velocities: Joint 0: 0 Joint 1: 0 Joint 2: 0 Joint 3: 0 Joint 4: 0 Joint 5: 0 
Received joint positions: Joint 0: -0.910742 Joint 1: 2.21207 Joint 2: -1.7783 Joint 3: -1.65436 Joint 4: -0.910742 Joint 5: -3.14159 
Received joint velocities: Joint 0: 0 Joint 1: 0 Joint 2: 0 Joint 3: 0 Joint 4: 0 Joint 5: 0 
Received joint positions: Joint 0: -0.955942 Joint 1: 2.2309 Joint 2: -1.80592 Joint 3: -1.68449 Joint 4: -0.955942 Joint 5: -3.14159 
Received joint velocities: Joint 0: 0 Joint 1: 0 Joint 2: 0 Joint 3: 0 Joint 4: 0 Joint 5: 0 
Received joint positions: Joint 0: -0.955942 Joint 1: 2.2309 Joint 2: -1.80592 Joint 3: -1.68449 Joint 4: -0.955942 Joint 5: -3.14159 
Received joint velocities: Joint 0: 0 Joint 1: 0 Joint 2: 0 Joint 3: 0 Joint 4: 0 Joint 5: 0 
Received joint positions: Joint 0: -0.955942 Joint 1: 2.2309 Joint 2: -1.80592 Joint 3: -1.68449 Joint 4: -0.955942 Joint 5: -3.14159 
Received joint velocities: Joint 0: 0 Joint 1: 0 Joint 2: 0 Joint 3: 0 Joint 4: 0 Joint 5: 0 
Received joint positions: Joint 0: -0.955942 Joint 1: 2.2309 Joint 2: -1.80592 Joint 3: -1.68449 Joint 4: -0.955942 Joint 5: -3.14159 
Received joint velocities: Joint 0: 0 Joint 1: 0 Joint 2: 0 Joint 3: 0 Joint 4: 0 Joint 5: 0 
Received joint positions: Joint 0: -0.955942 Joint 1: 2.2309 Joint 2: -1.80592 Joint 3: -1.68449 Joint 4: -0.955942 Joint 5: -3.14159 
Received joint velocities: Joint 0: 0 Joint 1: 0 Joint 2: 0 Joint 3: 0 Joint 4: 0 Joint 5: 0 
Received joint positions: Joint 0: -0.955942 Joint 1: 2.2309 Joint 2: -1.80592 Joint 3: -1.68449 Joint 4: -0.955942 Joint 5: -3.14159 
Received joint velocities: Joint 0: 0 Joint 1: 0 Joint 2: 0 Joint 3: 0 Joint 4: 0 Joint 5: 0 
Received joint positions: Joint 0: -0.955942 Joint 1: 2.2309 Joint 2: -1.80592 Joint 3: -1.68449 Joint 4: -0.955942 Joint 5: -3.14159 
Received joint velocities: Joint 0: 0 Joint 1: 0 Joint 2: 0 Joint 3: 0 Joint 4: 0 Joint 5: 0 
Received joint positions: Joint 0: -0.955942 Joint 1: 2.2309 Joint 2: -1.80592 Joint 3: -1.68449 Joint 4: -0.955942 Joint 5: -3.14159 
Received joint velocities: Joint 0: 0 Joint 1: 0 Joint 2: 0 Joint 3: 0 Joint 4: 0 Joint 5: 0 
Received joint positions: Joint 0: -0.955942 Joint 1: 2.2309 Joint 2: -1.80592 Joint 3: -1.68449 Joint 4: -0.955942 Joint 5: -3.14159 
Received joint velocities: Joint 0: 0 Joint 1: 0 Joint 2: 0 Joint 3: 0 Joint 4: 0 Joint 5: 0 
Received joint positions: Joint 0: -0.955942 Joint 1: 2.2309 Joint 2: -1.80592 Joint 3: -1.68449 Joint 4: -0.955942 Joint 5: -3.14159 
Received joint velocities: Joint 0: 0 Joint 1: 0 Joint 2: 0 Joint 3: 0 Joint 4: 0 Joint 5: 0 
Received joint positions: Joint 0: -1.0016 Joint 1: 2.24993 Joint 2: -1.83382 Joint 3: -1.71493 Joint 4: -1.0016 Joint 5: -3.14159 
Received joint velocities: Joint 0: 0 Joint 1: 0 Joint 2: 0 Joint 3: 0 Joint 4: 0 Joint 5: 0 
Received joint positions: Joint 0: -1.0016 Joint 1: 2.24993 Joint 2: -1.83382 Joint 3: -1.71493 Joint 4: -1.0016 Joint 5: -3.14159 
Received joint velocities: Joint 0: 0 Joint 1: 0 Joint 2: 0 Joint 3: 0 Joint 4: 0 Joint 5: 0 
Received joint positions: Joint 0: -1.0016 Joint 1: 2.24993 Joint 2: -1.83382 Joint 3: -1.71493 Joint 4: -1.0016 Joint 5: -3.14159 
Received joint velocities: Joint 0: 0 Joint 1: 0 Joint 2: 0 Joint 3: 0 Joint 4: 0 Joint 5: 0 
Received joint positions: Joint 0: -1.0016 Joint 1: 2.24993 Joint 2: -1.83382 Joint 3: -1.71493 Joint 4: -1.0016 Joint 5: -3.14159 
Received joint velocities: Joint 0: 0 Joint 1: 0 Joint 2: 0 Joint 3: 0 Joint 4: 0 Joint 5: 0 
Received joint positions: Joint 0: -1.0016 Joint 1: 2.24993 Joint 2: -1.83382 Joint 3: -1.71493 Joint 4: -1.0016 Joint 5: -3.14159 
Received joint velocities: Joint 0: 0 Joint 1: 0 Joint 2: 0 Joint 3: 0 Joint 4: 0 Joint 5: 0 
Received joint positions: Joint 0: -1.0016 Joint 1: 2.24993 Joint 2: -1.83382 Joint 3: -1.71493 Joint 4: -1.0016 Joint 5: -3.14159 
Received joint velocities: Joint 0: 0 Joint 1: 0 Joint 2: 0 Joint 3: 0 Joint 4: 0 Joint 5: 0 
Received joint positions: Joint 0: -1.0016 Joint 1: 2.24993 Joint 2: -1.83382 Joint 3: -1.71493 Joint 4: -1.0016 Joint 5: -3.14159 
Received joint velocities: Joint 0: 0 Joint 1: 0 Joint 2: 0 Joint 3: 0 Joint 4: 0 Joint 5: 0 
Received joint positions: Joint 0: -1.0016 Joint 1: 2.24993 Joint 2: -1.83382 Joint 3: -1.71493 Joint 4: -1.0016 Joint 5: -3.14159 
Received joint velocities: Joint 0: 0 Joint 1: 0 Joint 2: 0 Joint 3: 0 Joint 4: 0 Joint 5: 0 
Received joint positions: Joint 0: -1.0016 Joint 1: 2.24993 Joint 2: -1.83382 Joint 3: -1.71493 Joint 4: -1.0016 Joint 5: -3.14159 
Received joint velocities: Joint 0: 0 Joint 1: 0 Joint 2: 0 Joint 3: 0 Joint 4: 0 Joint 5: 0 
Received joint positions: Joint 0: -1.0016 Joint 1: 2.24993 Joint 2: -1.83382 Joint 3: -1.71493 Joint 4: -1.0016 Joint 5: -3.14159 
Received joint velocities: Joint 0: 0 Joint 1: 0 Joint 2: 0 Joint 3: 0 Joint 4: 0 Joint 5: 0 
Received joint positions: Joint 0: -1.04947 Joint 1: 2.26987 Joint 2: -1.86307 Joint 3: -1.74684 Joint 4: -1.04947 Joint 5: -3.14159 
Received joint velocities: Joint 0: 0 Joint 1: 0 Joint 2: 0 Joint 3: 0 Joint 4: 0 Joint 5: 0 
Received joint positions: Joint 0: -1.04947 Joint 1: 2.26987 Joint 2: -1.86307 Joint 3: -1.74684 Joint 4: -1.04947 Joint 5: -3.14159 
Received joint velocities: Joint 0: 0 Joint 1: 0 Joint 2: 0 Joint 3: 0 Joint 4: 0 Joint 5: 0 
Received joint positions: Joint 0: -1.04947 Joint 1: 2.26987 Joint 2: -1.86307 Joint 3: -1.74684 Joint 4: -1.04947 Joint 5: -3.14159 
Received joint velocities: Joint 0: 0 Joint 1: 0 Joint 2: 0 Joint 3: 0 Joint 4: 0 Joint 5: 0 
Received joint positions: Joint 0: -1.04947 Joint 1: 2.26987 Joint 2: -1.86307 Joint 3: -1.74684 Joint 4: -1.04947 Joint 5: -3.14159 
Received joint velocities: Joint 0: 0 Joint 1: 0 Joint 2: 0 Joint 3: 0 Joint 4: 0 Joint 5: 0 
Received joint positions: Joint 0: -1.04947 Joint 1: 2.26987 Joint 2: -1.86307 Joint 3: -1.74684 Joint 4: -1.04947 Joint 5: -3.14159 
Received joint velocities: Joint 0: 0 Joint 1: 0 Joint 2: 0 Joint 3: 0 Joint 4: 0 Joint 5: 0 
Received joint positions: Joint 0: -1.04947 Joint 1: 2.26987 Joint 2: -1.86307 Joint 3: -1.74684 Joint 4: -1.04947 Joint 5: -3.14159 
Received joint velocities: Joint 0: 0 Joint 1: 0 Joint 2: 0 Joint 3: 0 Joint 4: 0 Joint 5: 0 
Received joint positions: Joint 0: -1.04947 Joint 1: 2.26987 Joint 2: -1.86307 Joint 3: -1.74684 Joint 4: -1.04947 Joint 5: -3.14159 
Received joint velocities: Joint 0: 0 Joint 1: 0 Joint 2: 0 Joint 3: 0 Joint 4: 0 Joint 5: 0 
Received joint positions: Joint 0: -1.04947 Joint 1: 2.26987 Joint 2: -1.86307 Joint 3: -1.74684 Joint 4: -1.04947 Joint 5: -3.14159 
Received joint velocities: Joint 0: 0 Joint 1: 0 Joint 2: 0 Joint 3: 0 Joint 4: 0 Joint 5: 0 
Received joint positions: Joint 0: -1.04947 Joint 1: 2.26987 Joint 2: -1.86307 Joint 3: -1.74684 Joint 4: -1.04947 Joint 5: -3.14159 
Received joint velocities: Joint 0: 0 Joint 1: 0 Joint 2: 0 Joint 3: 0 Joint 4: 0 Joint 5: 0 
Received joint positions: Joint 0: -1.04947 Joint 1: 2.26987 Joint 2: -1.86307 Joint 3: -1.74684 Joint 4: -1.04947 Joint 5: -3.14159 
Received joint velocities: Joint 0: 0 Joint 1: 0 Joint 2: 0 Joint 3: 0 Joint 4: 0 Joint 5: 0 
Received joint positions: Joint 0: -1.09557 Joint 1: 2.28909 Joint 2: -1.89125 Joint 3: -1.77758 Joint 4: -1.09557 Joint 5: -3.14159 
Received joint velocities: Joint 0: 0 Joint 1: 0 Joint 2: 0 Joint 3: 0 Joint 4: 0 Joint 5: 0 
Received joint positions: Joint 0: -1.09557 Joint 1: 2.28909 Joint 2: -1.89125 Joint 3: -1.77758 Joint 4: -1.09557 Joint 5: -3.14159 
Received joint velocities: Joint 0: 0 Joint 1: 0 Joint 2: 0 Joint 3: 0 Joint 4: 0 Joint 5: 0 
Received joint positions: Joint 0: -1.09557 Joint 1: 2.28909 Joint 2: -1.89125 Joint 3: -1.77758 Joint 4: -1.09557 Joint 5: -3.14159 
Received joint velocities: Joint 0: 0 Joint 1: 0 Joint 2: 0 Joint 3: 0 Joint 4: 0 Joint 5: 0 
Received joint positions: Joint 0: -1.09557 Joint 1: 2.28909 Joint 2: -1.89125 Joint 3: -1.77758 Joint 4: -1.09557 Joint 5: -3.14159 
Received joint velocities: Joint 0: 0 Joint 1: 0 Joint 2: 0 Joint 3: 0 Joint 4: 0 Joint 5: 0 
Received joint positions: Joint 0: -1.09557 Joint 1: 2.28909 Joint 2: -1.89125 Joint 3: -1.77758 Joint 4: -1.09557 Joint 5: -3.14159 
Received joint velocities: Joint 0: 0 Joint 1: 0 Joint 2: 0 Joint 3: 0 Joint 4: 0 Joint 5: 0 
Received joint positions: Joint 0: -1.09557 Joint 1: 2.28909 Joint 2: -1.89125 Joint 3: -1.77758 Joint 4: -1.09557 Joint 5: -3.14159 
Received joint velocities: Joint 0: 0 Joint 1: 0 Joint 2: 0 Joint 3: 0 Joint 4: 0 Joint 5: 0 
Received joint positions: Joint 0: -1.09557 Joint 1: 2.28909 Joint 2: -1.89125 Joint 3: -1.77758 Joint 4: -1.09557 Joint 5: -3.14159 
Received joint velocities: Joint 0: 0 Joint 1: 0 Joint 2: 0 Joint 3: 0 Joint 4: 0 Joint 5: 0 
Received joint positions: Joint 0: -1.09557 Joint 1: 2.28909 Joint 2: -1.89125 Joint 3: -1.77758 Joint 4: -1.09557 Joint 5: -3.14159 
Received joint velocities: Joint 0: 0 Joint 1: 0 Joint 2: 0 Joint 3: 0 Joint 4: 0 Joint 5: 0 
Received joint positions: Joint 0: -1.09557 Joint 1: 2.28909 Joint 2: -1.89125 Joint 3: -1.77758 Joint 4: -1.09557 Joint 5: -3.14159 
Received joint velocities: Joint 0: 0 Joint 1: 0 Joint 2: 0 Joint 3: 0 Joint 4: 0 Joint 5: 0 
Received joint positions: Joint 0: -1.09557 Joint 1: 2.28909 Joint 2: -1.89125 Joint 3: -1.77758 Joint 4: -1.09557 Joint 5: -3.14159 
Received joint velocities: Joint 0: 0 Joint 1: 0 Joint 2: 0 Joint 3: 0 Joint 4: 0 Joint 5: 0 
Received joint positions: Joint 0: -1.1424 Joint 1: 2.3086 Joint 2: -1.91987 Joint 3: -1.8088 Joint 4: -1.1424 Joint 5: -3.14159 
Received joint velocities: Joint 0: 0 Joint 1: 0 Joint 2: 0 Joint 3: 0 Joint 4: 0 Joint 5: 0 
Received joint positions: Joint 0: -1.1424 Joint 1: 2.3086 Joint 2: -1.91987 Joint 3: -1.8088 Joint 4: -1.1424 Joint 5: -3.14159 
Received joint velocities: Joint 0: 0 Joint 1: 0 Joint 2: 0 Joint 3: 0 Joint 4: 0 Joint 5: 0 
Received joint positions: Joint 0: -1.1424 Joint 1: 2.3086 Joint 2: -1.91987 Joint 3: -1.8088 Joint 4: -1.1424 Joint 5: -3.14159 
Received joint velocities: Joint 0: 0 Joint 1: 0 Joint 2: 0 Joint 3: 0 Joint 4: 0 Joint 5: 0 
Received joint positions: Joint 0: -1.1424 Joint 1: 2.3086 Joint 2: -1.91987 Joint 3: -1.8088 Joint 4: -1.1424 Joint 5: -3.14159 
Received joint velocities: Joint 0: 0 Joint 1: 0 Joint 2: 0 Joint 3: 0 Joint 4: 0 Joint 5: 0 
Received joint positions: Joint 0: -1.1424 Joint 1: 2.3086 Joint 2: -1.91987 Joint 3: -1.8088 Joint 4: -1.1424 Joint 5: -3.14159 
Received joint velocities: Joint 0: 0 Joint 1: 0 Joint 2: 0 Joint 3: 0 Joint 4: 0 Joint 5: 0 
Received joint positions: Joint 0: -1.1424 Joint 1: 2.3086 Joint 2: -1.91987 Joint 3: -1.8088 Joint 4: -1.1424 Joint 5: -3.14159 
Received joint velocities: Joint 0: 0 Joint 1: 0 Joint 2: 0 Joint 3: 0 Joint 4: 0 Joint 5: 0 
Received joint positions: Joint 0: -1.1424 Joint 1: 2.3086 Joint 2: -1.91987 Joint 3: -1.8088 Joint 4: -1.1424 Joint 5: -3.14159 
Received joint velocities: Joint 0: 0 Joint 1: 0 Joint 2: 0 Joint 3: 0 Joint 4: 0 Joint 5: 0 
Received joint positions: Joint 0: -1.1424 Joint 1: 2.3086 Joint 2: -1.91987 Joint 3: -1.8088 Joint 4: -1.1424 Joint 5: -3.14159 
Received joint velocities: Joint 0: 0 Joint 1: 0 Joint 2: 0 Joint 3: 0 Joint 4: 0 Joint 5: 0 
Received joint positions: Joint 0: -1.1424 Joint 1: 2.3086 Joint 2: -1.91987 Joint 3: -1.8088 Joint 4: -1.1424 Joint 5: -3.14159 
Received joint velocities: Joint 0: 0 Joint 1: 0 Joint 2: 0 Joint 3: 0 Joint 4: 0 Joint 5: 0 
Received joint positions: Joint 0: -1.1424 Joint 1: 2.3086 Joint 2: -1.91987 Joint 3: -1.8088 Joint 4: -1.1424 Joint 5: -3.14159 
Received joint velocities: Joint 0: 0 Joint 1: 0 Joint 2: 0 Joint 3: 0 Joint 4: 0 Joint 5: 0 
Received joint positions: Joint 0: -1.18957 Joint 1: 2.32825 Joint 2: -1.94869 Joint 3: -1.84025 Joint 4: -1.18957 Joint 5: -3.14159 
Received joint velocities: Joint 0: 0 Joint 1: 0 Joint 2: 0 Joint 3: 0 Joint 4: 0 Joint 5: 0 
Received joint positions: Joint 0: -1.18957 Joint 1: 2.32825 Joint 2: -1.94869 Joint 3: -1.84025 Joint 4: -1.18957 Joint 5: -3.14159 
Received joint velocities: Joint 0: 0 Joint 1: 0 Joint 2: 0 Joint 3: 0 Joint 4: 0 Joint 5: 0 
Received joint positions: Joint 0: -1.18957 Joint 1: 2.32825 Joint 2: -1.94869 Joint 3: -1.84025 Joint 4: -1.18957 Joint 5: -3.14159 
Received joint velocities: Joint 0: 0 Joint 1: 0 Joint 2: 0 Joint 3: 0 Joint 4: 0 Joint 5: 0 
Received joint positions: Joint 0: -1.18957 Joint 1: 2.32825 Joint 2: -1.94869 Joint 3: -1.84025 Joint 4: -1.18957 Joint 5: -3.14159 
Received joint velocities: Joint 0: 0 Joint 1: 0 Joint 2: 0 Joint 3: 0 Joint 4: 0 Joint 5: 0 
Received joint positions: Joint 0: -1.18957 Joint 1: 2.32825 Joint 2: -1.94869 Joint 3: -1.84025 Joint 4: -1.18957 Joint 5: -3.14159 
Received joint velocities: Joint 0: 0 Joint 1: 0 Joint 2: 0 Joint 3: 0 Joint 4: 0 Joint 5: 0 
Received joint positions: Joint 0: -1.18957 Joint 1: 2.32825 Joint 2: -1.94869 Joint 3: -1.84025 Joint 4: -1.18957 Joint 5: -3.14159 
Received joint velocities: Joint 0: 0 Joint 1: 0 Joint 2: 0 Joint 3: 0 Joint 4: 0 Joint 5: 0 
Received joint positions: Joint 0: -1.18957 Joint 1: 2.32825 Joint 2: -1.94869 Joint 3: -1.84025 Joint 4: -1.18957 Joint 5: -3.14159 
Received joint velocities: Joint 0: 0 Joint 1: 0 Joint 2: 0 Joint 3: 0 Joint 4: 0 Joint 5: 0 
Received joint positions: Joint 0: -1.18957 Joint 1: 2.32825 Joint 2: -1.94869 Joint 3: -1.84025 Joint 4: -1.18957 Joint 5: -3.14159 
Received joint velocities: Joint 0: 0 Joint 1: 0 Joint 2: 0 Joint 3: 0 Joint 4: 0 Joint 5: 0 
Received joint positions: Joint 0: -1.18957 Joint 1: 2.32825 Joint 2: -1.94869 Joint 3: -1.84025 Joint 4: -1.18957 Joint 5: -3.14159 
Received joint velocities: Joint 0: 0 Joint 1: 0 Joint 2: 0 Joint 3: 0 Joint 4: 0 Joint 5: 0 
Received joint positions: Joint 0: -1.18957 Joint 1: 2.32825 Joint 2: -1.94869 Joint 3: -1.84025 Joint 4: -1.18957 Joint 5: -3.14159 
Received joint velocities: Joint 0: 0 Joint 1: 0 Joint 2: 0 Joint 3: 0 Joint 4: 0 Joint 5: 0 
Received joint positions: Joint 0: -1.23767 Joint 1: 2.34829 Joint 2: -1.97808 Joint 3: -1.87231 Joint 4: -1.23767 Joint 5: -3.14159 
Received joint velocities: Joint 0: 0 Joint 1: 0 Joint 2: 0 Joint 3: 0 Joint 4: 0 Joint 5: 0 
Received joint positions: Joint 0: -1.23767 Joint 1: 2.34829 Joint 2: -1.97808 Joint 3: -1.87231 Joint 4: -1.23767 Joint 5: -3.14159 
Received joint velocities: Joint 0: 0 Joint 1: 0 Joint 2: 0 Joint 3: 0 Joint 4: 0 Joint 5: 0 
Received joint positions: Joint 0: -1.23767 Joint 1: 2.34829 Joint 2: -1.97808 Joint 3: -1.87231 Joint 4: -1.23767 Joint 5: -3.14159 
Received joint velocities: Joint 0: 0 Joint 1: 0 Joint 2: 0 Joint 3: 0 Joint 4: 0 Joint 5: 0 
Received joint positions: Joint 0: -1.23767 Joint 1: 2.34829 Joint 2: -1.97808 Joint 3: -1.87231 Joint 4: -1.23767 Joint 5: -3.14159 
Received joint velocities: Joint 0: 0 Joint 1: 0 Joint 2: 0 Joint 3: 0 Joint 4: 0 Joint 5: 0 
Received joint positions: Joint 0: -1.23767 Joint 1: 2.34829 Joint 2: -1.97808 Joint 3: -1.87231 Joint 4: -1.23767 Joint 5: -3.14159 
Received joint velocities: Joint 0: 0 Joint 1: 0 Joint 2: 0 Joint 3: 0 Joint 4: 0 Joint 5: 0 
Received joint positions: Joint 0: -1.23767 Joint 1: 2.34829 Joint 2: -1.97808 Joint 3: -1.87231 Joint 4: -1.23767 Joint 5: -3.14159 
Received joint velocities: Joint 0: 0 Joint 1: 0 Joint 2: 0 Joint 3: 0 Joint 4: 0 Joint 5: 0 
Received joint positions: Joint 0: -1.23767 Joint 1: 2.34829 Joint 2: -1.97808 Joint 3: -1.87231 Joint 4: -1.23767 Joint 5: -3.14159 
Received joint velocities: Joint 0: 0 Joint 1: 0 Joint 2: 0 Joint 3: 0 Joint 4: 0 Joint 5: 0 
Received joint positions: Joint 0: -1.23767 Joint 1: 2.34829 Joint 2: -1.97808 Joint 3: -1.87231 Joint 4: -1.23767 Joint 5: -3.14159 
Received joint velocities: Joint 0: 0 Joint 1: 0 Joint 2: 0 Joint 3: 0 Joint 4: 0 Joint 5: 0 
Received joint positions: Joint 0: -1.23767 Joint 1: 2.34829 Joint 2: -1.97808 Joint 3: -1.87231 Joint 4: -1.23767 Joint 5: -3.14159 
Received joint velocities: Joint 0: 0 Joint 1: 0 Joint 2: 0 Joint 3: 0 Joint 4: 0 Joint 5: 0 
Received joint positions: Joint 0: -1.23767 Joint 1: 2.34829 Joint 2: -1.97808 Joint 3: -1.87231 Joint 4: -1.23767 Joint 5: -3.14159 
Received joint velocities: Joint 0: 0 Joint 1: 0 Joint 2: 0 Joint 3: 0 Joint 4: 0 Joint 5: 0 
Received joint positions: Joint 0: -1.28637 Joint 1: 2.36858 Joint 2: -2.00784 Joint 3: -1.90477 Joint 4: -1.28637 Joint 5: -3.14159 
Received joint velocities: Joint 0: 0 Joint 1: 0 Joint 2: 0 Joint 3: 0 Joint 4: 0 Joint 5: 0 
Received joint positions: Joint 0: -1.28637 Joint 1: 2.36858 Joint 2: -2.00784 Joint 3: -1.90477 Joint 4: -1.28637 Joint 5: -3.14159 
Received joint velocities: Joint 0: 0 Joint 1: 0 Joint 2: 0 Joint 3: 0 Joint 4: 0 Joint 5: 0 
Received joint positions: Joint 0: -1.28637 Joint 1: 2.36858 Joint 2: -2.00784 Joint 3: -1.90477 Joint 4: -1.28637 Joint 5: -3.14159 
Received joint velocities: Joint 0: 0 Joint 1: 0 Joint 2: 0 Joint 3: 0 Joint 4: 0 Joint 5: 0 
Received joint positions: Joint 0: -1.28637 Joint 1: 2.36858 Joint 2: -2.00784 Joint 3: -1.90477 Joint 4: -1.28637 Joint 5: -3.14159 
Received joint velocities: Joint 0: 0 Joint 1: 0 Joint 2: 0 Joint 3: 0 Joint 4: 0 Joint 5: 0 
Received joint positions: Joint 0: -1.28637 Joint 1: 2.36858 Joint 2: -2.00784 Joint 3: -1.90477 Joint 4: -1.28637 Joint 5: -3.14159 
Received joint velocities: Joint 0: 0 Joint 1: 0 Joint 2: 0 Joint 3: 0 Joint 4: 0 Joint 5: 0 
Received joint positions: Joint 0: -1.28637 Joint 1: 2.36858 Joint 2: -2.00784 Joint 3: -1.90477 Joint 4: -1.28637 Joint 5: -3.14159 
Received joint velocities: Joint 0: 0 Joint 1: 0 Joint 2: 0 Joint 3: 0 Joint 4: 0 Joint 5: 0 
Received joint positions: Joint 0: -1.28637 Joint 1: 2.36858 Joint 2: -2.00784 Joint 3: -1.90477 Joint 4: -1.28637 Joint 5: -3.14159 
Received joint velocities: Joint 0: 0 Joint 1: 0 Joint 2: 0 Joint 3: 0 Joint 4: 0 Joint 5: 0 
Received joint positions: Joint 0: -1.28637 Joint 1: 2.36858 Joint 2: -2.00784 Joint 3: -1.90477 Joint 4: -1.28637 Joint 5: -3.14159 
Received joint velocities: Joint 0: 0 Joint 1: 0 Joint 2: 0 Joint 3: 0 Joint 4: 0 Joint 5: 0 
Received joint positions: Joint 0: -1.28637 Joint 1: 2.36858 Joint 2: -2.00784 Joint 3: -1.90477 Joint 4: -1.28637 Joint 5: -3.14159 
Received joint velocities: Joint 0: 0 Joint 1: 0 Joint 2: 0 Joint 3: 0 Joint 4: 0 Joint 5: 0 
Received joint positions: Joint 0: -1.28637 Joint 1: 2.36858 Joint 2: -2.00784 Joint 3: -1.90477 Joint 4: -1.28637 Joint 5: -3.14159 
Received joint velocities: Joint 0: 0 Joint 1: 0 Joint 2: 0 Joint 3: 0 Joint 4: 0 Joint 5: 0 
Received joint positions: Joint 0: -1.33465 Joint 1: 2.3887 Joint 2: -2.03735 Joint 3: -1.93697 Joint 4: -1.33465 Joint 5: -3.14159 
Received joint velocities: Joint 0: 0 Joint 1: 0 Joint 2: 0 Joint 3: 0 Joint 4: 0 Joint 5: 0 
Received joint positions: Joint 0: -1.33465 Joint 1: 2.3887 Joint 2: -2.03735 Joint 3: -1.93697 Joint 4: -1.33465 Joint 5: -3.14159 
Received joint velocities: Joint 0: 0 Joint 1: 0 Joint 2: 0 Joint 3: 0 Joint 4: 0 Joint 5: 0 
Received joint positions: Joint 0: -1.33465 Joint 1: 2.3887 Joint 2: -2.03735 Joint 3: -1.93697 Joint 4: -1.33465 Joint 5: -3.14159 
Received joint velocities: Joint 0: 0 Joint 1: 0 Joint 2: 0 Joint 3: 0 Joint 4: 0 Joint 5: 0 
Received joint positions: Joint 0: -1.33465 Joint 1: 2.3887 Joint 2: -2.03735 Joint 3: -1.93697 Joint 4: -1.33465 Joint 5: -3.14159 
Received joint velocities: Joint 0: 0 Joint 1: 0 Joint 2: 0 Joint 3: 0 Joint 4: 0 Joint 5: 0 
Received joint positions: Joint 0: -1.33465 Joint 1: 2.3887 Joint 2: -2.03735 Joint 3: -1.93697 Joint 4: -1.33465 Joint 5: -3.14159 
Received joint velocities: Joint 0: 0 Joint 1: 0 Joint 2: 0 Joint 3: 0 Joint 4: 0 Joint 5: 0 
Received joint positions: Joint 0: -1.33465 Joint 1: 2.3887 Joint 2: -2.03735 Joint 3: -1.93697 Joint 4: -1.33465 Joint 5: -3.14159 
Received joint velocities: Joint 0: 0 Joint 1: 0 Joint 2: 0 Joint 3: 0 Joint 4: 0 Joint 5: 0 
Received joint positions: Joint 0: -1.33465 Joint 1: 2.3887 Joint 2: -2.03735 Joint 3: -1.93697 Joint 4: -1.33465 Joint 5: -3.14159 
Received joint velocities: Joint 0: 0 Joint 1: 0 Joint 2: 0 Joint 3: 0 Joint 4: 0 Joint 5: 0 
Received joint positions: Joint 0: -1.33465 Joint 1: 2.3887 Joint 2: -2.03735 Joint 3: -1.93697 Joint 4: -1.33465 Joint 5: -3.14159 
Received joint velocities: Joint 0: 0 Joint 1: 0 Joint 2: 0 Joint 3: 0 Joint 4: 0 Joint 5: 0 
Received joint positions: Joint 0: -1.33465 Joint 1: 2.3887 Joint 2: -2.03735 Joint 3: -1.93697 Joint 4: -1.33465 Joint 5: -3.14159 
Received joint velocities: Joint 0: 0 Joint 1: 0 Joint 2: 0 Joint 3: 0 Joint 4: 0 Joint 5: 0 
Received joint positions: Joint 0: -1.33465 Joint 1: 2.3887 Joint 2: -2.03735 Joint 3: -1.93697 Joint 4: -1.33465 Joint 5: -3.14159 
Received joint velocities: Joint 0: 0 Joint 1: 0 Joint 2: 0 Joint 3: 0 Joint 4: 0 Joint 5: 0 
Received joint positions: Joint 0: -1.38354 Joint 1: 2.40907 Joint 2: -2.06722 Joint 3: -1.96955 Joint 4: -1.38354 Joint 5: -3.14159 
Received joint velocities: Joint 0: 0 Joint 1: 0 Joint 2: 0 Joint 3: 0 Joint 4: 0 Joint 5: 0 
Received joint positions: Joint 0: -1.38354 Joint 1: 2.40907 Joint 2: -2.06722 Joint 3: -1.96955 Joint 4: -1.38354 Joint 5: -3.14159 
Received joint velocities: Joint 0: 0 Joint 1: 0 Joint 2: 0 Joint 3: 0 Joint 4: 0 Joint 5: 0 
Received joint positions: Joint 0: -1.38354 Joint 1: 2.40907 Joint 2: -2.06722 Joint 3: -1.96955 Joint 4: -1.38354 Joint 5: -3.14159 
Received joint velocities: Joint 0: 0 Joint 1: 0 Joint 2: 0 Joint 3: 0 Joint 4: 0 Joint 5: 0 
Received joint positions: Joint 0: -1.38354 Joint 1: 2.40907 Joint 2: -2.06722 Joint 3: -1.96955 Joint 4: -1.38354 Joint 5: -3.14159 
Received joint velocities: Joint 0: 0 Joint 1: 0 Joint 2: 0 Joint 3: 0 Joint 4: 0 Joint 5: 0 
Received joint positions: Joint 0: -1.38354 Joint 1: 2.40907 Joint 2: -2.06722 Joint 3: -1.96955 Joint 4: -1.38354 Joint 5: -3.14159 
Received joint velocities: Joint 0: 0 Joint 1: 0 Joint 2: 0 Joint 3: 0 Joint 4: 0 Joint 5: 0 
Received joint positions: Joint 0: -1.38354 Joint 1: 2.40907 Joint 2: -2.06722 Joint 3: -1.96955 Joint 4: -1.38354 Joint 5: -3.14159 
Received joint velocities: Joint 0: 0 Joint 1: 0 Joint 2: 0 Joint 3: 0 Joint 4: 0 Joint 5: 0 
Received joint positions: Joint 0: -1.38354 Joint 1: 2.40907 Joint 2: -2.06722 Joint 3: -1.96955 Joint 4: -1.38354 Joint 5: -3.14159 
Received joint velocities: Joint 0: 0 Joint 1: 0 Joint 2: 0 Joint 3: 0 Joint 4: 0 Joint 5: 0 
Received joint positions: Joint 0: -1.38354 Joint 1: 2.40907 Joint 2: -2.06722 Joint 3: -1.96955 Joint 4: -1.38354 Joint 5: -3.14159 
Received joint velocities: Joint 0: 0 Joint 1: 0 Joint 2: 0 Joint 3: 0 Joint 4: 0 Joint 5: 0 
Received joint positions: Joint 0: -1.38354 Joint 1: 2.40907 Joint 2: -2.06722 Joint 3: -1.96955 Joint 4: -1.38354 Joint 5: -3.14159 
Received joint velocities: Joint 0: 0 Joint 1: 0 Joint 2: 0 Joint 3: 0 Joint 4: 0 Joint 5: 0 
Received joint positions: Joint 0: -1.38354 Joint 1: 2.40907 Joint 2: -2.06722 Joint 3: -1.96955 Joint 4: -1.38354 Joint 5: -3.14159 
Received joint velocities: Joint 0: 0 Joint 1: 0 Joint 2: 0 Joint 3: 0 Joint 4: 0 Joint 5: 0 
Received joint positions: Joint 0: -1.43263 Joint 1: 2.42952 Joint 2: -2.09722 Joint 3: -2.00228 Joint 4: -1.43263 Joint 5: -3.14159 
Received joint velocities: Joint 0: 0 Joint 1: 0 Joint 2: 0 Joint 3: 0 Joint 4: 0 Joint 5: 0 
Received joint positions: Joint 0: -1.43263 Joint 1: 2.42952 Joint 2: -2.09722 Joint 3: -2.00228 Joint 4: -1.43263 Joint 5: -3.14159 
Received joint velocities: Joint 0: 0 Joint 1: 0 Joint 2: 0 Joint 3: 0 Joint 4: 0 Joint 5: 0 
Received joint positions: Joint 0: -1.43263 Joint 1: 2.42952 Joint 2: -2.09722 Joint 3: -2.00228 Joint 4: -1.43263 Joint 5: -3.14159 
Received joint velocities: Joint 0: 0 Joint 1: 0 Joint 2: 0 Joint 3: 0 Joint 4: 0 Joint 5: 0 
Received joint positions: Joint 0: -1.43263 Joint 1: 2.42952 Joint 2: -2.09722 Joint 3: -2.00228 Joint 4: -1.43263 Joint 5: -3.14159 
Received joint velocities: Joint 0: 0 Joint 1: 0 Joint 2: 0 Joint 3: 0 Joint 4: 0 Joint 5: 0 
Received joint positions: Joint 0: -1.43263 Joint 1: 2.42952 Joint 2: -2.09722 Joint 3: -2.00228 Joint 4: -1.43263 Joint 5: -3.14159 
Received joint velocities: Joint 0: 0 Joint 1: 0 Joint 2: 0 Joint 3: 0 Joint 4: 0 Joint 5: 0 
Received joint positions: Joint 0: -1.43263 Joint 1: 2.42952 Joint 2: -2.09722 Joint 3: -2.00228 Joint 4: -1.43263 Joint 5: -3.14159 
Received joint velocities: Joint 0: 0 Joint 1: 0 Joint 2: 0 Joint 3: 0 Joint 4: 0 Joint 5: 0 
Received joint positions: Joint 0: -1.43263 Joint 1: 2.42952 Joint 2: -2.09722 Joint 3: -2.00228 Joint 4: -1.43263 Joint 5: -3.14159 
Received joint velocities: Joint 0: 0 Joint 1: 0 Joint 2: 0 Joint 3: 0 Joint 4: 0 Joint 5: 0 
Received joint positions: Joint 0: -1.43263 Joint 1: 2.42952 Joint 2: -2.09722 Joint 3: -2.00228 Joint 4: -1.43263 Joint 5: -3.14159 
Received joint velocities: Joint 0: 0 Joint 1: 0 Joint 2: 0 Joint 3: 0 Joint 4: 0 Joint 5: 0 
Received joint positions: Joint 0: -1.43263 Joint 1: 2.42952 Joint 2: -2.09722 Joint 3: -2.00228 Joint 4: -1.43263 Joint 5: -3.14159 
Received joint velocities: Joint 0: 0 Joint 1: 0 Joint 2: 0 Joint 3: 0 Joint 4: 0 Joint 5: 0 
Received joint positions: Joint 0: -1.43263 Joint 1: 2.42952 Joint 2: -2.09722 Joint 3: -2.00228 Joint 4: -1.43263 Joint 5: -3.14159 
Received joint velocities: Joint 0: 0 Joint 1: 0 Joint 2: 0 Joint 3: 0 Joint 4: 0 Joint 5: 0 
Received joint positions: Joint 0: -1.48186 Joint 1: 2.45004 Joint 2: -2.12731 Joint 3: -2.0351 Joint 4: -1.48186 Joint 5: -3.14159 
Received joint velocities: Joint 0: 0 Joint 1: 0 Joint 2: 0 Joint 3: 0 Joint 4: 0 Joint 5: 0 
Received joint positions: Joint 0: -1.48186 Joint 1: 2.45004 Joint 2: -2.12731 Joint 3: -2.0351 Joint 4: -1.48186 Joint 5: -3.14159 
Received joint velocities: Joint 0: 0 Joint 1: 0 Joint 2: 0 Joint 3: 0 Joint 4: 0 Joint 5: 0 
Received joint positions: Joint 0: -1.48186 Joint 1: 2.45004 Joint 2: -2.12731 Joint 3: -2.0351 Joint 4: -1.48186 Joint 5: -3.14159 
Received joint velocities: Joint 0: 0 Joint 1: 0 Joint 2: 0 Joint 3: 0 Joint 4: 0 Joint 5: 0 
Received joint positions: Joint 0: -1.48186 Joint 1: 2.45004 Joint 2: -2.12731 Joint 3: -2.0351 Joint 4: -1.48186 Joint 5: -3.14159 
Received joint velocities: Joint 0: 0 Joint 1: 0 Joint 2: 0 Joint 3: 0 Joint 4: 0 Joint 5: 0 
Received joint positions: Joint 0: -1.48186 Joint 1: 2.45004 Joint 2: -2.12731 Joint 3: -2.0351 Joint 4: -1.48186 Joint 5: -3.14159 
Received joint velocities: Joint 0: 0 Joint 1: 0 Joint 2: 0 Joint 3: 0 Joint 4: 0 Joint 5: 0 
Received joint positions: Joint 0: -1.48186 Joint 1: 2.45004 Joint 2: -2.12731 Joint 3: -2.0351 Joint 4: -1.48186 Joint 5: -3.14159 
Received joint velocities: Joint 0: 0 Joint 1: 0 Joint 2: 0 Joint 3: 0 Joint 4: 0 Joint 5: 0 
Received joint positions: Joint 0: -1.48186 Joint 1: 2.45004 Joint 2: -2.12731 Joint 3: -2.0351 Joint 4: -1.48186 Joint 5: -3.14159 
Received joint velocities: Joint 0: 0 Joint 1: 0 Joint 2: 0 Joint 3: 0 Joint 4: 0 Joint 5: 0 
Received joint positions: Joint 0: -1.48186 Joint 1: 2.45004 Joint 2: -2.12731 Joint 3: -2.0351 Joint 4: -1.48186 Joint 5: -3.14159 
Received joint velocities: Joint 0: 0 Joint 1: 0 Joint 2: 0 Joint 3: 0 Joint 4: 0 Joint 5: 0 
Received joint positions: Joint 0: -1.48186 Joint 1: 2.45004 Joint 2: -2.12731 Joint 3: -2.0351 Joint 4: -1.48186 Joint 5: -3.14159 
Received joint velocities: Joint 0: 0 Joint 1: 0 Joint 2: 0 Joint 3: 0 Joint 4: 0 Joint 5: 0 
Received joint positions: Joint 0: -1.48186 Joint 1: 2.45004 Joint 2: -2.12731 Joint 3: -2.0351 Joint 4: -1.48186 Joint 5: -3.14159 
Received joint velocities: Joint 0: 0 Joint 1: 0 Joint 2: 0 Joint 3: 0 Joint 4: 0 Joint 5: 0 
[INFO] [1773056752.929537243] [rclcpp]: signal_handler(SIGINT/SIGTERM)
Received joint positions: Joint 0: -1.53122 Joint 1: 2.4706 Joint 2: -2.15748 Joint 3: -2.06801 Joint 4: -1.53122 Joint 5: -3.14159 
Received joint velocities: Joint 0: 0 Joint 1: 0 Joint 2: 0 Joint 3: 0 Joint 4: 0 Joint 5: 0 
